Workbook

Sheet Doc Info
B1: Review
B3: Review Log
G4: Ref. No.: BSB-QA-FWCMS-153-CRD-V1.0
B5: Project Name | D5: FWCMS Tech Refresh - 34384
B7: Document Information
B8: Sl # | C8: Date | D8: Updated By | E8: Update Summary | F8: Reviewed By | G8: Reviewed Date
B9: 1 | C9: 46148 | D9: Faisal | E9: Draft TC
B10: 2 | C10: 46153 | D10: Qina | E10: Update TC
B11: 3
B12: 4
B13: 5

Sheet Progress
A1: Module | B1: Total | C1: Passed | D1: Failed | E1: Blocked | F1: In Progress | G1: Not Executed | H1: Pass Completion (%) | I1: Total Test Completion (%)
A2: Mobile Responsive 1.0 | B2: =SUM(C2:G2) -> 348 | C2: =SUM('Mobile Responsive 1.0'!R1) -> 0 | D2: =SUM('Mobile Responsive 1.0'!S1) -> 0 | E2: =SUM('Mobile Responsive 1.0'!V1) -> 0 | F2: =SUM('Mobile Responsive 1.0'!U1) -> 0 | G2: =SUM('Mobile Responsive 1.0'!T1) -> 348 | H2: =C2/B2 -> 0 | I2: =(C2+D2)/B2 -> 0
A3: Mobile Responsive 1.1 | B3: =SUM(C3:G3) -> 306 | C3: =SUM('Mobile Responsive 1.1'!S3) -> 17 | D3: =SUM('Mobile Responsive 1.1'!T3) -> 19 | E3: =SUM('Mobile Responsive 1.1'!W3) -> 0 | F3: =SUM('Mobile Responsive 1.1'!V3) -> 0 | G3: =SUM('Mobile Responsive 1.1'!U1) -> 270 | H3: =C3/B3 -> 0.055555556 | I3: =(C3+D3+E3)/B3 -> 0.11764706
A4: TOTAL | B4: =SUM(B2:B3) -> 654 | C4: =SUM(C2:C3) -> 17 | D4: =SUM(D2:D3) -> 19 | E4: =SUM(E2:E3) -> 0 | F4: =SUM(F2:F3) -> 0 | G4: =SUM(G2:G3) -> 618 | H4: =C4/B4 -> 0.025993884 | I4: =(C4+D4)/B4 -> 0.055045872

Sheet Mobile Responsive 1.0
A1: Case ID | B1: Redmine User Story | C1: Tracker | D1: Features | E1: Scenario | F1: Pre Condition | G1: Case | H1: Steps | I1: Test Data | J1: Expected Result | K1: Result Browser | N1: Result | O1: Redmine Defect | P1: Additional/Comments/Issues | Q1: QA PIC | R1: =SUM(R2:R331) -> 0 | S1: =SUM(S2:S331) -> 0 | T1: =SUM(T2:T331) -> 348 | U1: =SUM(U2:U331) -> 0 | V1: =SUM(V2:V331) -> 0
K2: Safari | L2: Chrome | M2: Edge
A3: Iphone | R3: =COUNTIF($N4:N90,"PASS") -> 0 | S3: =COUNTIF($N4:N90,"FAIL") -> 0 | T3: =COUNTBLANK(N4:N90) -> 87 | U3: =COUNTIF($N4:N90,"IN PROGRESS") -> 0 | V3: =COUNTIF($N4:N90,"BLOCKED") -> 0
A4: TC.TR.MRes0.001 | D4: IDM | E4: New User Registration | G4: Verify All Fields | J4: Successfully search as per criteria selected | M4: N/A | Q4: YHUVAN
A5: TC.TR.MRes0.002 | G5: Verify All Mandatory Error Message | J5: Data displayed list should be filtered according to selected criteria | M5: N/A | Q5: YHUVAN
A6: TC.TR.MRes0.003 | G6: Reset button | J6: All fields should be cleared | M6: N/A | Q6: YHUVAN
A7: TC.TR.MRes0.004 | G7: OTP button | J7: All fields should be cleared | M7: N/A | Q7: YHUVAN
A8: TC.TR.MRes0.005 | G8: Hantar Button | J8: Successfully update application | M8: N/A | Q8: YHUVAN
A9: TC.TR.MRes0.006 | G9: Kembali ke Log Masuk | J9: Success submit application and display success message | M9: N/A | Q9: YHUVAN
A10: TC.TR.MRes0.007 | E10: Endorse User Registration | G10: Verify Table listing result | J10: Data displayed list should be filtered according to selected criteria | M10: N/A | Q10: YHUVAN
A11: TC.TR.MRes0.008 | G11: Search Record list | J11: Successfully search as per criteria selected | M11: N/A | Q11: YHUVAN
A12: TC.TR.MRes0.009 | G12: View Profile | J12: Successfully update application | M12: N/A | Q12: YHUVAN
A13: TC.TR.MRes0.010 | G13: Claim Record | J13: Successfully download Borang F | M13: N/A | Q13: YHUVAN
A14: TC.TR.MRes0.011 | G14: Release Record | J14: Success submit application and display success message | M14: N/A | Q14: YHUVAN
A15: TC.TR.MRes0.012 | G15: Update Record | J15: Successfully update user registration | Q15: YHUVAN
A16: TC.TR.MRes0.013 | G16: Hantar Button | J16: Successfully submit application | Q16: YHUVAN
A17: TC.TR.MRes0.014 | G17: Kembali button | J17: system redirect to previous page | Q17: YHUVAN
A18: TC.TR.MRes0.015 | E18: Approve User Registration | G18: Verify Table listing result | J18: Data displayed list should be filtered according to selected criteria | M18: N/A | Q18: YHUVAN
A19: TC.TR.MRes0.016 | G19: Search Record list | J19: Successfully search as per criteria selected | M19: N/A | Q19: YHUVAN
A20: TC.TR.MRes0.017 | G20: View Profile | J20: Successfully update application | M20: N/A | Q20: YHUVAN
A21: TC.TR.MRes0.018 | G21: Claim Record | J21: Successfully download Borang F | M21: N/A | Q21: YHUVAN
A22: TC.TR.MRes0.019 | G22: Release Record | J22: Success submit application and display success message | M22: N/A | Q22: YHUVAN
A23: TC.TR.MRes0.020 | G23: Update Record | J23: Successfully update user registration | Q23: YHUVAN
A24: TC.TR.MRes0.021 | G24: Hantar Button | J24: Successfully submit application | Q24: YHUVAN
A25: TC.TR.MRes0.022 | G25: Kembali button | J25: system redirect to previous page | Q25: YHUVAN
A26: TC.TR.MRes0.023 | E26: Update Profile | G26: Verify Table listing result | J26: Data displayed list should be filtered according to selected criteria | M26: N/A | Q26: YHUVAN
A27: TC.TR.MRes0.024 | G27: Search Record list | J27: Successfully search as per criteria selected | M27: N/A | Q27: YHUVAN
A28: TC.TR.MRes0.025 | G28: Update Profile | J28: Successfully update application | M28: N/A | Q28: YHUVAN
A29: TC.TR.MRes0.026 | G29: Verify All Fields | J29: Successfully download Borang F | M29: N/A | Q29: YHUVAN
A30: TC.TR.MRes0.027 | G30: Verify All Mandatory Error Message | J30: Success submit application and display success message | M30: N/A | Q30: YHUVAN
A31: TC.TR.MRes0.028 | G31: Nyahakftif | Q31: YHUVAN
A32: TC.TR.MRes0.029 | G32: Tetapkan Semula button | J32: All fields should be cleared | Q32: YHUVAN
A33: TC.TR.MRes0.030 | G33: Kembali button | Q33: YHUVAN
A34: TC.TR.MRes0.031 | D34: Pre-Quota Application | E34: Verify Document | G34: Verify Table listing result | J34: Data displayed list should be filtered according to selected criteria | M34: N/A
A35: TC.TR.MRes0.032 | G35: Search Criteria | J35: Successfully search as per criteria selected | M35: N/A
A36: TC.TR.MRes0.033 | G36: Verify Application Details | J36: Data display as expected | M36: N/A
A37: TC.TR.MRes0.034 | G37: Approved | J37: Data displayed list should be filtered according to selected criteria
A38: TC.TR.MRes0.035 | G38: Returned | J38: Successfully search as per criteria selected
A39: TC.TR.MRes0.036 | G39: Rejected | J39: Successfully reject document and system display reject message
A40: TC.TR.MRes0.037 | E40: AKS Recomendation | G40: Verify Table listing result | J40: Data displayed list should be filtered according to selected criteria | M40: N/A
A41: TC.TR.MRes0.038 | G41: Search Criteria | J41: Successfully search as per criteria selected | M41: N/A
A42: TC.TR.MRes0.039 | G42: Verify Application Details | J42: Data display as expected | M42: N/A
A43: TC.TR.MRes0.040 | G43: Recommend | J43: Data displayed list should be filtered according to selected criteria
A44: TC.TR.MRes0.041 | G44: Not Recommend | J44: Successfully search as per criteria selected
A45: TC.TR.MRes0.042 | D45: eQuota Application | E45: Verify Document (CBC) | G45: Verify Table listing result | J45: Data displayed list should be filtered according to selected criteria | M45: N/A
A46: TC.TR.MRes0.043 | G46: Search Criteria | J46: Successfully search as per criteria selected | M46: N/A
A47: TC.TR.MRes0.044 | G47: Verify Application Details | J47: Data display as expected | M47: N/A
A48: TC.TR.MRes0.045 | G48: Approved | J48: Data displayed list should be filtered according to selected criteria
A49: TC.TR.MRes0.046 | G49: Returned | J49: Successfully search as per criteria selected
A50: TC.TR.MRes0.047 | G50: Rejected
A51: TC.TR.MRes0.048 | E51: Verify Document (Normal) | G51: Verify Table listing result | J51: Data displayed list should be filtered according to selected criteria | M51: N/A
A52: TC.TR.MRes0.049 | G52: Search Criteria | J52: Successfully search as per criteria selected | M52: N/A
A53: TC.TR.MRes0.050 | G53: Verify Application Details | J53: Data display as expected | M53: N/A
A54: TC.TR.MRes0.051 | G54: Approved | J54: Data displayed list should be filtered according to selected criteria
A55: TC.TR.MRes0.052 | G55: Returned | J55: Successfully search as per criteria selected
A56: TC.TR.MRes0.053 | G56: Rejected
A57: TC.TR.MRes0.054 | D57: MFJ Application | E57: Assign / Release Admin User by PERKESO ADMIN | G57: Verify Table listing result | J57: Data display in table listing | M57: N/A
A58: TC.TR.MRes0.055 | G58: Search Criteria | J58: Successfully generate PDF file | M58: N/A
A59: TC.TR.MRes0.056 | G59: Assign Admin User | J59: Successfully generate excel file | M59: N/A
A60: TC.TR.MRes0.057 | G60: Release Admin User
A61: TC.TR.MRes0.058 | G61: Kembali button
A62: TC.TR.MRes0.059 | E62: Verify MFJ by PERKESO ADMIN USER | G62: Verify Table listing result | J62: Data displayed list should be filtered according to selected criteria | M62: N/A
A63: TC.TR.MRes0.060 | G63: Search Criteria | J63: Successfully search as per criteria selected | M63: N/A
A64: TC.TR.MRes0.061 | G64: Verify Application Details | J64: Data display as expected | M64: N/A
A65: TC.TR.MRes0.062 | G65: Approved | J65: Data displayed list should be filtered according to selected criteria
A66: TC.TR.MRes0.063 | G66: Returned | J66: Successfully search as per criteria selected
A67: TC.TR.MRes0.064 | G67: Rejected
A68: TC.TR.MRes0.065 | G68: Kembali button
A69: TC.TR.MRes0.066 | D69: Dashboard | E69: eComplaint | G69: Labels & Colours | J69: Data display in table listing | M69: N/A
A70: TC.TR.MRes0.067 | G70: Charts, Graphs & Data Tables | J70: Successfully generate PDF file | M70: N/A
A71: TC.TR.MRes0.068 | E71: eVDR | G71: Labels & Colours | J71: Data display in table listing | M71: N/A
A72: TC.TR.MRes0.069 | G72: Charts, Graphs & Data Tables | J72: Successfully generate PDF file | M72: N/A
A73: TC.TR.MRes0.070 | E73: JTKSM Management | G73: Labels & Colours | J73: Data display in table listing | M73: N/A
A74: TC.TR.MRes0.071 | G74: Charts, Graphs & Data Tables | J74: Successfully generate PDF file | M74: N/A
A75: TC.TR.MRes0.072 | E75: IDM | G75: Labels & Colours | J75: Data display in table listing | M75: N/A
A76: TC.TR.MRes0.073 | G76: Charts, Graphs & Data Tables | J76: Successfully generate PDF file | M76: N/A
A77: TC.TR.MRes0.074 | D77: Configuration | E77: Sector Configuration | G77: Verify Table listing result | J77: Data displayed list should be filtered according to selected criteria | M77: N/A | Q77: YHUVAN
A78: TC.TR.MRes0.075 | G78: Search Record list | J78: Successfully search as per criteria selected | M78: N/A | Q78: YHUVAN
A79: TC.TR.MRes0.076 | G79: Create New / Update | J79: Successfully update application | M79: N/A | Q79: YHUVAN
A80: TC.TR.MRes0.077 | G80: Verify All Fields | J80: Successfully download Borang F | M80: N/A | Q80: YHUVAN
A81: TC.TR.MRes0.078 | G81: Verify All Mandatory Error Message | J81: Success submit application and display success message | M81: N/A | Q81: YHUVAN
A82: TC.TR.MRes0.079 | G82: Tetapkan Semula button | Q82: YHUVAN
A83: TC.TR.MRes0.080 | G83: Kembali button | Q83: YHUVAN
A84: TC.TR.MRes0.081 | E84: Blacklist Configuration | G84: Verify Table listing result | J84: Data displayed list should be filtered according to selected criteria | M84: N/A | Q84: YHUVAN
A85: TC.TR.MRes0.082 | G85: Search Record list | J85: Successfully search as per criteria selected | M85: N/A | Q85: YHUVAN
A86: TC.TR.MRes0.083 | G86: Create New / Update | J86: Successfully update application | M86: N/A | Q86: YHUVAN
A87: TC.TR.MRes0.084 | G87: Verify All Fields | J87: Successfully download Borang F | M87: N/A | Q87: YHUVAN
A88: TC.TR.MRes0.085 | G88: Verify All Mandatory Error Message | J88: Success submit application and display success message | M88: N/A | Q88: YHUVAN
A89: TC.TR.MRes0.086 | G89: Tetapkan Semula button | Q89: YHUVAN
A90: TC.TR.MRes0.087 | G90: Kembali button | Q90: YHUVAN
A91: Android | R91: =COUNTIF($N92:N178,"PASS") -> 0 | S91: =COUNTIF($N92:N178,"FAIL") -> 0 | T91: =COUNTBLANK(N92:N178) -> 87 | U91: =COUNTIF($N92:N178,"IN PROGRESS") -> 0 | V91: =COUNTIF($N92:N178,"BLOCKED") -> 0
A92: TC.TR.MRes0.088 | D92: IDM | E92: New User Registration | G92: Verify All Fields | J92: Successfully search as per criteria selected | K92: N/A
A93: TC.TR.MRes0.089 | G93: Verify All Mandatory Error Message | J93: Data displayed list should be filtered according to selected criteria | K93: N/A
A94: TC.TR.MRes0.090 | G94: Reset button | J94: All fields should be cleared | K94: N/A
A95: TC.TR.MRes0.091 | G95: OTP button | J95: All fields should be cleared | K95: N/A
A96: TC.TR.MRes0.092 | G96: Hantar Button | J96: Successfully update application | K96: N/A
A97: TC.TR.MRes0.093 | G97: Kembali ke Log Masuk | J97: Success submit application and display success message | K97: N/A
A98: TC.TR.MRes0.094 | E98: Approve User Registration | G98: Verify Table listing result | J98: Data displayed list should be filtered according to selected criteria | K98: N/A
A99: TC.TR.MRes0.095 | G99: Search Record list | J99: Successfully search as per criteria selected | K99: N/A
A100: TC.TR.MRes0.096 | G100: View Profile | J100: Successfully update application | K100: N/A
...

Sheet Mobile Responsive 1.1
A1: Case ID | B1: Redmine User Story | C1: Tracker | D1: Features | E1: Scenario | F1: Pre Condition | G1: Case | H1: Complexity | I1: Steps | J1: Test Data | K1: Expected Result | L1: Result Browser | O1: Result | P1: Redmine Defect | Q1: Additional/Comments/Issues | R1: QA PIC | S1: =SUM(S3,S81,S160,S239) -> 22 | T1: =SUM(T3,T81,T160,T239) -> 19 | U1: =SUM(U3,U81,U160,U239) -> 270 | V1: =SUM(V3:V239) -> 0 | W1: =SUM(W3:W239) -> 0
L2: Safari (V....) | M2: Chrome (V...) | N2: Edge (V...)
A3: Iphone | S3: =COUNTIF($O4:O80,"PASS") -> 17 | T3: =COUNTIF($O4:O80,"FAIL") -> 19 | U3: =COUNTBLANK(O4:O80) -> 41 | V3: =COUNTIF($O4:O80,"IN PROGRESS") -> 0 | W3: =COUNTIF($O4:O80,"BLOCKED") -> 0
A4: TC.TR.MRes.001 | D4: Landing Page | E4: Homepage | F4: User logged in | G4: Login | H4: L | I4: Verify user can login with valid credentials | K4: Following must be correct : a. Spelling b. Font (Standard) c. Color (Standard) d. Translation (Locale) | L4: PASS | M4: PASS | N4: N/A | O4: PASS | R4: YHUVAN
A5: TC.TR.MRes.002 | G5: Verify Menu | H5: L | I5: Verify menu is displayed after login | K5: All labels / fields are properly aligned | L5: PASS | M5: PASS | N5: N/A | O5: PASS | R5: YHUVAN
A6: TC.TR.MRes.003 | F6: User is logged in | G6: Verify the "Lihat Status" button is displayed and clickable | H6: L | I6: 1. Navigate to Home Page 2. Locate "Lihat Status" button 3. Click the button | K6: User is navigated to correct status page with relevant data | L6: PASS | M6: PASS | N6: N/A | O6: PASS | R6: YHUVAN
A7: TC.TR.MRes.004 | F7: Notifications exist | G7: Verify notification log is displayed at Aktiviti Terkini | H7: M | I7: 1. Navigate to Home Page 2. Verify notification Aktiviti Terkini | K7: Notification history list is visible | L7: PASS | M7: PASS | N7: N/A | O7: PASS | R7: YHUVAN
A8: TC.TR.MRes.005 | F8: User has activity history | G8: Verify latest activity remarks are displayed at Pemberitahuan | H8: M | I8: 1. Navigate to Home Page 2. Verify latest oemberitahuan | K8: Latest remarks appear in correct order (most recent first) | L8: PASS | M8: PASS | N8: N/A | O8: PASS | R8: YHUVAN
A9: TC.TR.MRes.006 | D9: eComplaint | E9: Verify eComplaint | G9: Search complaint list | H9: L | K9: Successfully search as per criteria selected | L9: FAIL | N9: N/A | O9: FAIL | P9: 38485 | Q9: Complaint date not display once select specific date | R9: FAISAL
A10: TC.TR.MRes.007 | G10: Verify Table listing result | H10: L | K10: Data displayed list should be filtered according to selected criteria | L10: PASS | N10: N/A | R10: FAISAL
A11: TC.TR.MRes.008 | G11: Reset button | H11: L | K11: All fields should be cleared | L11: PASS | N11: N/A | R11: FAISAL
A12: TC.TR.MRes.009 | G12: Search Button | H12: L | K12: All fields should be cleared | L12: PASS | N12: N/A | R12: FAISAL
A13: TC.TR.MRes.010 | G13: Update Complaint | H13: H | K13: Successfully update application | N13: N/A | R13: FAISAL
A14: TC.TR.MRes.011 | G14: Submission | H14: H | K14: Success submit application and display success message | N14: N/A | R14: FAISAL
A15: TC.TR.MRes.012 | E15: Inspect Complaint | G15: Verify Table listing result | H15: M | K15: Data displayed list should be filtered according to selected criteria | N15: N/A | R15: FAISAL
A16: TC.TR.MRes.013 | G16: Search complaint list | H16: L | K16: Successfully search as per criteria selected | L16: FAIL | N16: N/A | O16: FAIL | P16: 38485 | Q16: Complaint date not display once select specific date | R16: FAISAL
A17: TC.TR.MRes.014 | G17: Update Complaint | H17: H | K17: Successfully update application | N17: N/A | R17: FAISAL
A18: TC.TR.MRes.015 | G18: Download | H18: M | K18: Successfully download Borang F | N18: N/A | R18: FAISAL
A19: TC.TR.MRes.016 | G19: Submission | H19: H | K19: Success submit application and display success message | N19: N/A | R19: FAISAL
A20: TC.TR.MRes.017 | E20: Endorse Complaint | G20: Verify Table listing result | H20: M | K20: Data displayed list should be filtered according to selected criteria | N20: N/A | R20: FAISAL
A21: TC.TR.MRes.018 | G21: Search complaint list | H21: L | K21: Successfully search as per criteria selected | N21: N/A | R21: FAISAL
A22: TC.TR.MRes.019 | G22: Update Application | H22: H | K22: Successfully update application | N22: N/A | R22: FAISAL
A23: TC.TR.MRes.020 | G23: Download | H23: M | K23: Successfully download Borang F | N23: N/A | R23: FAISAL
A24: TC.TR.MRes.021 | G24: Submission | H24: H | K24: Success submit application and display success message | L24: FAIL | N24: N/A | O24: FAIL | P24: 38484 | Q24: view status action taken | R24: FAISAL
A25: TC.TR.MRes.022 | E25: Monthly Reporting Reporting | G25: Single Search Criteria | H25: L | K25: Successfully search as per criteria selected | L25: PASS | M25: PASS | N25: N/A | O25: PASS | R25: FAISAL
A26: TC.TR.MRes.023 | G26: Search Criteria | H26: L | K26: Successfully search as per criteria selected | L26: PASS | M26: PASS | N26: N/A | O26: PASS | R26: FAISAL
A27: TC.TR.MRes.024 | G27: Reset button | H27: L | K27: All fields should be cleared | L27: PASS | M27: PASS | N27: N/A | O27: PASS | R27: FAISAL
A28: TC.TR.MRes.025 | G28: Search Button | H28: L | K28: All fields should be cleared | L28: PASS | M28: PASS | N28: N/A | O28: PASS | R28: FAISAL
A29: TC.TR.MRes.026 | G29: Print button | H29: M | K29: Successfully generate PDF file | L29: FAIL | M29: FAIL | N29: N/A | O29: FAIL | P29: 38483 | R29: FAISAL
A30: TC.TR.MRes.027 | G30: Export button | H30: M | K30: Successfully generate excel | L30: FAIL | M30: FAIL | N30: N/A | O30: FAIL | P30: 38483 | R30: FAISAL
A31: TC.TR.MRes.028 | E31: Complaint Summary by Stages | G31: Print button | H31: M | K31: Successfully generate PDF file | L31: PASS | M31: PASS | N31: N/A | O31: PASS | R31: FAISAL
A32: TC.TR.MRes.029 | G32: Export button | H32: M | K32: Successfully generate excel | L32: FAIL | M32: FAIL | N32: N/A | O32: FAIL | Q32: Missing title | R32: FAISAL
A33: TC.TR.MRes.030 | D33: Global Search | E33: Complaint List | G33: Verify Table listing result | H33: M | K33: Data displayed list should be filtered according to selected criteria | N33: N/A | R33: FAISAL
A34: TC.TR.MRes.031 | G34: Search Criteria | H34: L | K34: Successfully search as per criteria selected | L34: PASS | M34: PASS | N34: N/A | O34: PASS | R34: FAISAL
A35: TC.TR.MRes.032 | G35: Verify Complaint details | H35: M | K35: Data display as expected | N35: N/A | R35: FAISAL
A36: TC.TR.MRes.033 | E36: FWe List | G36: Verify Table listing result | H36: M | K36: Data displayed list should be filtered according to selected criteria | N36: N/A
A37: TC.TR.MRes.034 | G37: Search Criteria | H37: L | K37: Successfully search as per criteria selected | N37: N/A
A38: TC.TR.MRes.035 | G38: Verify Complaint details | H38: M | K38: Data display as expected | N38: N/A
A39: TC.TR.MRes.036 | E39: eQuota List | G39: Verify Table listing result | H39: M | K39: Data displayed list should be filtered according to selected criteria | N39: N/A
A40: TC.TR.MRes.037 | G40: Search Criteria | H40: L | K40: Successfully search as per criteria selected | N40: N/A
A41: TC.TR.MRes.038 | G41: Verify Complaint details | H41: M | K41: Data display as expected | N41: N/A
A42: TC.TR.MRes.039 | E42: PERKESO (MFJ) | G42: Verify Table listing result | H42: M | K42: Data display in table listing | N42: N/A
A43: TC.TR.MRes.040 | G43: Search Criteria | H43: L | K43: Data display base on selected criteria | N43: N/A
A44: TC.TR.MRes.041 | G44: Verify Complaint details | H44: M | K44: Successfully verify complaint details | N44: N/A
A45: TC.TR.MRes.042 | D45: Biodata Screening | E45: My Inbox | G45: Search Criteria | H45: L | K45: Successfully search as per criteria selected | N45: N/A
A46: TC.TR.MRes.043 | G46: View Application | H46: L | K46: System populate applicaion details | N46: N/A
A47: TC.TR.MRes.044 | G47: Download letter | H47: M | K47: successfully downlod document | N47: N/A
A48: TC.TR.MRes.045 | G48: Generate Approval letter | H48: H | K48: System successfully generate approval letter | N48: N/A
A49: TC.TR.MRes.046 | E49: Pool | G49: Search Criteria | H49: L | K49: Successfully search as per criteria selected | N49: N/A
A50: TC.TR.MRes.047 | G50: View Application | H50: L | K50: System populate applicaion details | N50: N/A
A51: TC.TR.MRes.048 | G51: Claim Application | H51: M | K51: Data transfer to my inbox and removed from pool | N51: N/A
A52: TC.TR.MRes.049 | E52: History | G52: Search Criteria | H52: L | K52: Data display in table listing | N52: N/A
A53: TC.TR.MRes.050 | G53: View Application | H53: M | K53: Successfully view application history | N53: N/A
A54: TC.TR.MRes.051 | D54: NNS Allocation report | E54: NNS Quota Allocation by Sector | G54: Search NNS quota listing | H54: L | I54: 1. Login valid user 2. Click NNS quota Allocation Report 3. Click NNS Quota Allocation by Sector sub menu 4. Search Specific date 5. Click Search button | K54: Data display in table listing | L54: PASS | M54: FAIL | N54: N/A | Q54: chrome receive error 500 | R54: FAISAL
A55: TC.TR.MRes.052 | G55: Print quota allocation by sector | H55: M | I55: 1. Login valid user 2. ClickNNS Allocation report 3. Click NNS Quota Allocation by Sector sub menu 4. Search Specific date 5. Click Search button 6. Click Print button | K55: Successfully generate PDF file | L55: PASS | M55: PASS | N55: N/A | O55: PASS | R55: FAISAL
A56: TC.TR.MRes.053 | G56: Generate excel allocation by sector | H56: M | I56: 1. Login valid user 2. Click NNS Allocation report 3. Click NNS Quota Allocation by Sector sub menu 4. Search Specific date 5. Click Search button 6. Click export button | K56: Successfully generate excel file | L56: FAIL | M56: FAIL | N56: N/A | O56: FAIL | P56: 38487 | Q56: missing pie chart | R56: FAISAL
A57: TC.TR.MRes.054 | E57: NNS Quota Allocation Top 10 Employer | G57: Search NNS quota allocation top 10 employer | H57: L | I57: 1. Login valid user 2. Click NNS quota Allocation Report 3. Click NNS Quota Allocation Top 10 Employe sub menu 4. Search Specific date 5. Click Search button | K57: Data display in table listing | L57: PASS | M57: PASS | N57: N/A | O57: PASS | R57: FAISAL
A58: TC.TR.MRes.055 | G58: Print quota allocation by sector | H58: M | I58: 1. Login valid user 2. ClickNNS Allocation report 3. Click NNS Quota Allocation Top 10 Employer sub menu 4. Search Specific date 5. Click Search button 6. Click Print button | K58: Successfully generate PDF file | L58: PASS | M58: PASS | N58: N/A | O58: PASS | R58: FAISAL
A59: TC.TR.MRes.056 | G59: Generate excel allocation by sector | H59: M | I59: 1. Login valid user 2. Click NNS Allocation report 3. Click NNS Quota Allocation Top 10 Employer sub menu 4. Search Specific date 5. Click Search button 6. Click export button | K59: Successfully generate excel file | L59: FAIL | M59: FAIL | N59: N/A | O59: FAIL | P59: 38487 | Q59: missing pie chart | R59: FAISAL
A60: TC.TR.MRes.057 | E60: NNS Quota Allocation Transaction | G60: Search NNS quota Allocation transaction | H60: L | I60: 1. Login valid user 2. Click NNS quota Allocation Report 3. Click NNS Quota Allocation Transaction sub menu 4. Search Specific date 5. Click Search button | K60: Data display in table listing | L60: PASS | M60: PASS | N60: N/A | R60: FAISAL
A61: TC.TR.MRes.058 | G61: Print quota allocation by sector | H61: M | I61: 1. Login valid user 2. ClickNNS Allocation report 3. Click NNS Quota Allocation Transaction sub menu 4. Search Specific date 5. Click Search button 6. Click Print button | K61: Successfully generate PDF file | L61: PASS | M61: PASS | N61: N/A | R61: FAISAL
A62: TC.TR.MRes.059 | G62: Generate excel allocation by sector | H62: M | I62: 1. Login valid user 2. Click NNS Allocation report 3. Click NNS Quota Allocation Transaction sub menu 4. Search Specific date 5. Click Search button 6. Click export button | K62: Successfully generate excel file | L62: FAIL | M62: FAIL | N62: N/A | O62: FAIL | P62: 38487 | Q62: missing pie chart | R62: FAISAL
A63: TC.TR.MRes.060 | D63: Quota Application report | E63: Quota Application (Summary Page) | G63: Search quota Application | H63: L | I63: 1. Login valid user 2. Click Quota Application Report 3. Click Quota Application sub menu 4. Search Specific date 5. Click Search button | K63: Data display in table listing | L63: PASS | M63: PASS | N63: N/A | O63: PASS | R63: FAISAL
A64: TC.TR.MRes.061 | G64: Print quota Application | H64: M | I64: 1. Login valid user 2. Click Quota Application Report 3. Click Quota Application sub menu 4. Search Specific date 5. Click Search button 6. Click Print button | K64: Successfully generate PDF file | L64: FAIL | M64: FAIL | N64: N/A | O64: FAIL | R64: FAISAL
A65: TC.TR.MRes.062 | G65: Generate excel quota Application | H65: M | I65: 1. Login valid user 2. Click Quota Application Report 3. Click Quota Application sub menu 4. Search Specific date 5. Click Search button 6. Click export button | K65: Successfully generate excel file | L65: FAIL | M65: FAIL | N65: N/A | O65: FAIL | R65: FAISAL
A66: TC.TR.MRes.063 | E66: Quota Application normal | G66: Search Quota Application normal | H66: L | I66: 1. Login valid user 2. Click Quota Application Report 3. Click Quota Application Normal sub menu 4. Search Specific date 5. Click Search button | K66: Data display in table listing | N66: N/A | R66: FAISAL
A67: TC.TR.MRes.064 | G67: Print Quota Application normal | H67: M | I67: 1. Login valid user 2. Click Quota Application Report 3. Click Quota Application Normal sub menu 4. Search Specific date 5. Click Search button 6. Click Print button | K67: Successfully generate PDF file | N67: N/A | R67: FAISAL
A68: TC.TR.MRes.065 | G68: Generate excel Quota Application normal | H68: M | I68: 1. Login valid user 2. Click Quota Application Report 3. Click Quota Application Normal sub menu 4. Search Specific date 5. Click Search button 6. Click export button | K68: Successfully generate excel file | N68: N/A | R68: FAISAL
A69: TC.TR.MRes.066 | E69: Total quota application by state | G69: Search Total quota application by state | H69: L | I69: 1. Login valid user 2. Click Quota Application Report 3. Click Total quota application by state sub menu 4. Search Specific date 5. Click Search button | K69: Data display in table listing | L69: FAIL | M69: FAIL | N69: N/A | O69: FAIL | P69: 38493 | Q69: error 500 | R69: FAISAL
A70: TC.TR.MRes.067 | G70: Print Total quota application by state | H70: M | I70: 1. Login valid user 2. Click Quota Application Report 3. Click Total quota application by state sub menu 4. Search Specific date 5. Click Search button 6. Click Print button | K70: Successfully generate PDF file | L70: FAIL | M70: FAIL | N70: N/A | O70: FAIL | P70: 38493 | Q70: error 500 | R70: FAISAL
A71: TC.TR.MRes.068 | G71: Generate excel Total quota application by state | H71: M | I71: 1. Login valid user 2. Click Quota Application Report 3. Click Total quota application by state sub menu 4. Search Specific date 5. Click Search button 6. Click export button | K71: Successfully generate excel file | L71: FAIL | M71: FAIL | N71: N/A | O71: FAIL | P71: 38493 | Q71: error 500 | R71: FAISAL
A72: TC.TR.MRes.069 | E72: Total quota application by Reg Agency | G72: Search Total quota application by Reg Agency | H72: L | I72: 1. Login valid user 2. Click Quota Application Report 3. Click Total quota application by Reg Agency sub menu 4. Search Specific date 5. Click Search button | K72: Data display in table listing | L72: PASS | M72: PASS | N72: N/A | O72: PASS | R72: FAISAL
A73: TC.TR.MRes.070 | G73: Print Total quota application by Reg Agency | H73: M | I73: 1. Login valid user 2. Click Quota Application Report 3. Click Total quota application by Reg Agency sub menu 4. Search Specific date 5. Click Search button 6. Click Print button | K73: Successfully generate PDF file | L73: PASS | M73: PASS | N73: N/A | O73: PASS | R73: FAISAL
A74: TC.TR.MRes.071 | G74: Generate excel Total quota application by Reg Agency | H74: M | I74: 1. Login valid user 2. Click Quota Application Report 3. Click Total quota application by Reg Agency sub menu 4. Search Specific date 5. Click Search button 6. Click export button | K74: Successfully generate excel file | L74: FAIL | M74: FAIL | N74: N/A | O74: FAIL | P74: 38494 | Q74: Missing Title | R74: FAISAL
A75: TC.TR.MRes.072 | E75: Top 5 Quota Application by Job Category | G75: Search Top 5 Quota Application by Job Category | H75: L | I75: 1. Login valid user 2. Click Quota Application Report 3. Click Top 5 Quota Application by Job Category sub menu 4. Search Specific date 5. Click Search button | K75: Data display in table listing | L75: PASS | M75: PASS | N75: N/A | R75: FAISAL
A76: TC.TR.MRes.073 | G76: Print quota Top 5 Quota Application by Job Category | H76: M | I76: 1. Login valid user 2. Click Quota Application Report 3. Click Top 5 Quota Application by Job Category sub menu 4. Search Specific date 5. Click Search button 6. Click Print button | K76: Successfully generate PDF file | L76: FAIL | M76: FAIL | N76: N/A | O76: FAIL | P76: 38491 | Q76: sceen display 1st page only | R76: FAISAL
A77: TC.TR.MRes.074 | G77: Generate excel Top 5 Quota Application by Job Category | H77: M | I77: 1. Login valid user 2. Click Quota Application Report 3. Click Top 5 Quota Application by Job Category sub menu 4. Search Specific date 5. Click Search button 6. Click export button | K77: Successfully generate excel file | L77: FAIL | M77: FAIL | N77: N/A | O77: FAIL | P77: 38492 | Q77: Missing Title | R77: FAISAL
A78: TC.TR.MRes.075 | E78: Total Quota Application by Status | G78: Search Total Quota Application by Status | H78: L | I78: 1. Login valid user 2. Click Quota Application Report 3. Click Total Quota Application by Status sub menu 4. Search Specific date 5. Click Search button | K78: Data display in table listing | L78: FAIL | M78: FAIL | N78: N/A | O78: FAIL | P78: 38491 | Q78: Standardize searching criteria to all report | R78: FAISAL
A79: TC.TR.MRes.076 | G79: Print Total Quota Application by Status | H79: M | I79: 1. Login valid user 2. Click Quota Application Report 3. Click Total Quota Application by Status sub menu 4. Search Specific date 5. Click Search button 6. Click Print button | K79: Successfully generate PDF file | N79: N/A | R79: FAISAL
A80: TC.TR.MRes.077 | G80: Generate excel Total Quota Application by Status | H80: M | I80: 1. Login valid user 2. Click Quota Application Report 3. Click Total Quota Application by Status sub menu 4. Search Specific date 5. Click Search button 6. Click export button | K80: Successfully generate excel file | L80: FAIL | M80: FAIL | N80: N/A | O80: FAIL | R80: FAISAL
A81: Android | S81: =COUNTIF($O82:O159,"PASS") -> 5 | T81: =COUNTIF($O82:O159,"FAIL") -> 0 | U81: =COUNTBLANK(O82:O159) -> 73 | V81: =COUNTIF($O82:O159,"IN PROGRESS") -> 0 | W81: =COUNTIF($O82:O159,"BLOCKED") -> 0
A82: TC.TR.MRes.078 | D82: Landing Page | E82: Homepage | F82: User logged in | G82: Login | H82: L | I82: Verify user can login with valid credentials | K82: Following must be correct : a. Spelling b. Font (Standard) c. Color (Standard) d. Translation (Locale) | L82: N/A | M82: PASS | N82: PASS | O82: PASS | R82: SYASYA
A83: TC.TR.MRes.079 | G83: Verify Menu | H83: L | I83: Verify menu is displayed after login | K83: All labels / fields are properly aligned | L83: N/A | M83: PASS | N83: PASS | O83: PASS | R83: SYASYA
A84: TC.TR.MRes.080 | F84: User is logged in | G84: Verify the "Lihat Status" button is displayed and clickable | H84: L | I84: 1. Navigate to Home Page 2. Locate "Lihat Status" button 3. Click the button | K84: User is navigated to correct status page with relevant data | L84: N/A | M84: PASS | N84: PASS | O84: PASS | R84: SYASYA
A85: TC.TR.MRes.081 | F85: User has submitted application | G85: Verify data accuracy at Maklumat Pemohon | H85: M | I85: 1. Navigate to Home Page 2. Verify dashboard data | K85: Correct applicant details are displayed | L85: N/A | R85: SYASYA
A86: TC.TR.MRes.082 | F86: Notifications exist | G86: Verify notification log is displayed at Aktiviti Terkini | H86: M | I86: 1. Navigate to Home Page 2. Verify notificatio Aktiviti Terkini | K86: Notification history list is visible | L86: N/A | M86: PASS | N86: PASS | O86: PASS | R86: SYASYA
A87: TC.TR.MRes.083 | F87: User has activity history | G87: Verify latest activity remarks are displayed at Pemberitahuan | H87: M | I87: 1. Navigate to Home Page 2. Verify latest oemberitahuan | K87: Latest remarks appear in correct order (most recent first) | L87: N/A | M87: PASS | N87: PASS | O87: PASS | R87: SYASYA
D88: eComplaint | E88: Verify eComplaint | G88: Search complaint list | H88: L | K88: Successfully search as per criteria selected | L88: N/A
G89: Verify Table listing result | H89: L | K89: Data displayed list should be filtered according to selected criteria | L89: N/A
G90: Reset button | H90: L | K90: All fields should be cleared | L90: N/A
G91: Search Button | H91: L | K91: All fields should be cleared | L91: N/A
G92: Update Complaint | H92: H | K92: Successfully update application | L92: N/A
G93: Submission | H93: H | K93: Success submit application and display success message | L93: N/A
E94: Inspect Complaint | G94: Verify Table listing result | H94: M | K94: Data displayed list should be filtered according to selected criteria | L94: N/A
G95: Search complaint list | H95: L | K95: Successfully search as per criteria selected | L95: N/A
G96: Update Complaint | H96: H | K96: Successfully update application | L96: N/A
G97: Download | H97: M | K97: Successfully download Borang F | L97: N/A
G98: Submission | H98: H | K98: Success submit application and display success message | L98: N/A
E99: Endorse Complaint | G99: Verify Table listing result | H99: M | K99: Data displayed list should be filtered according to selected criteria | L99: N/A
G100: Search complaint list | H100: L | K100: Successfully search as per criteria selected | L100: N/A
...
