Workbook

Sheet Doc Info
B1: Review
B3: Review Log
G4: Ref. No.: BSB-QA-FWCMS-153-CRD-V1.0
B5: Project Name | D5: FWCMS Tech Refresh - 34384
B7: Document Information
B8: Sl # | C8: Date | D8: Updated By | E8: Update Summary | F8: Reviewed By | G8: Reviewed Date
B9: 1 | C9: 46076 | D9: Raihan | E9: Draft TC
B10: 2 | C10: 46118 | D10: Faisal | E10: Update TC
B11: 3
B12: 4
B13: 5

Sheet Progress
A1: Module | B1: Total | C1: Passed | D1: Failed | E1: Blocked | F1: In Progress | G1: Not Executed | H1: Pass Completion (%) | I1: Total Test Completion (%)
A2: eComplaint Reporting | B2: =SUM(C2:G2) -> 125 | C2: ='eCom Reporting'!N1 + eComplaint!N1 -> 125 | D2: ='eCom Reporting'!O1 + eComplaint!O1 -> 0 | E2: ='eCom Reporting'!R1 + eComplaint!R1 -> 0 | F2: ='eCom Reporting'!Q1 + eComplaint!Q1 -> 0 | G2: ='eCom Reporting'!P1 + eComplaint!P1 -> 0 | H2: =C2/B2 -> 1 | I2: =(C2+D2)/B2 -> 1 | J2: Faisal | K2: +syamil & raimi
A3: NNS Quota Allocation Reporting | B3: =SUM(C3:G3) -> 44 | C3: ='NNS Quota Allocation Reporting'!N1 -> 40 | D3: ='NNS Quota Allocation Reporting'!O1 -> 0 | E3: ='NNS Quota Allocation Reporting'!R1 -> 4 | F3: ='NNS Quota Allocation Reporting'!Q1 -> 0 | G3: ='NNS Quota Allocation Reporting'!P1 -> 0 | H3: =C3/B3 -> 0.90909091 | I3: =(C3+D3+E3)/B3 -> 1 | J3: Qina
A4: Quota Application Reporting | B4: =SUM(C4:G4) -> 100 | C4: ='Quota Application Reporting'!N1 -> 98 | D4: ='Quota Application Reporting'!O1 -> 0 | E4: ='Quota Application Reporting'!R1 -> 2 | F4: ='Quota Application Reporting'!Q1 -> 0 | G4: ='Quota Application Reporting'!P1 -> 0 | H4: =C4/B4 -> 0.98 | I4: =(C4+D4+E4)/B4 -> 1 | J4: Faisal
A5: IDM UAT Feedback | B5: =SUM(C5:G5) -> 81 | C5: ='IDM UAT Feedback'!N1+'#37022'!N1 -> 81 | D5: ='IDM UAT Feedback'!O1+'#37022'!O1 -> 0 | E5: ='IDM UAT Feedback'!R1+'#37022'!R1 -> 0 | F5: ='IDM UAT Feedback'!Q1+'#37022'!Q1 -> 0 | G5: ='IDM UAT Feedback'!P1+'#37022'!P1 -> 0 | H5: =C5/B5 -> 1 | I5: =(C5+D5+E5)/B5 -> 1 | J5: Yhuvan
A6: IDM - KDNK | B6: =SUM(C6:G6) -> 100 | C6: ='IDM - KDNK'!N1 -> 100 | D6: ='IDM - KDNK'!O1 -> 0 | E6: ='IDM - KDNK'!R1 -> 0 | F6: ='IDM - KDNK'!Q1 -> 0 | G6: ='IDM - KDNK'!P1 -> 0 | H6: =C6/B6 -> 1 | I6: =(C6+D6)/B6 -> 1 | J6: Yhuvan
A7: IDM - KESUMA / PERKESO | B7: =SUM(C7:G7) -> 59 | C7: ='IDM - KESUMA'!N1 -> 59 | D7: ='IDM - KESUMA'!O1 -> 0 | E7: ='IDM - KESUMA'!R1 -> 0 | F7: ='IDM - KESUMA'!Q1 -> 0 | G7: ='IDM - KESUMA'!P1 -> 0 | H7: =C7/B7 -> 1 | I7: =(C7+D7)/B7 -> 1 | J7: Yhuvan
A8: Biodata Screening | B8: =SUM(C8:G8) -> 67 | C8: ='Biodata Screening'!N1 -> 37 | D8: ='Biodata Screening'!O1 -> 19 | E8: ='Biodata Screening'!R1 -> 0 | F8: ='Biodata Screening'!Q1 -> 1 | G8: ='Biodata Screening'!P1 -> 10 | H8: =C8/B8 -> 0.55223881 | I8: =(C8+D8)/B8 -> 0.8358209 | J8: Syasya
A9: TOTAL | B9: =SUM(B2:B8) -> 576 | C9: =SUM(C2:C8) -> 540 | D9: =SUM(D2:D8) -> 19 | E9: =SUM(E2:E8) -> 6 | F9: =SUM(F2:F8) -> 1 | G9: =SUM(G2:G8) -> 10 | H9: =C9/B9 -> 0.9375 | I9: =(C9+D9)/B9 -> 0.97048611

Sheet eCom Reporting
A1: Case ID | B1: Redmine User Story | C1: Tracker | D1: Scenario | E1: Pre Condition | F1: Case | G1: Steps | H1: Test Data | I1: Expected Result | J1: Result | K1: Redmine Defect | L1: Additional/Comments/Issues | M1: QA PIC | N1: =SUM(N2:N94) -> 20 | O1: =SUM(O2:O94) -> 0 | P1: =SUM(P2:P94) -> 0 | Q1: =SUM(Q2:Q94) -> 0 | R1: =SUM(R2:R94) -> 0
A2: eComplaint- Monthly Complaint Report | N2: =COUNTIF($J3:J13,"PASS") -> 11 | O2: =COUNTIF($J3:J13,"FAIL") -> 0 | P2: =COUNTBLANK(J3:J13) -> 0 | Q2: =COUNTIF($J3:J13,"IN PROGRESS") -> 0 | R2: =COUNTIF($J3:J13,"BLOCKED") -> 0
A3: TC.TR.RPTeCom.001 | B3: #28118 #35137 | C3: User Story | D3: Test Search Form | E3: User Role: MENTERI_JTKSM_ADMIN KSM_JTK_HQ_ADMIN KSM_STATE_ADMIN KSM_STATE_USER JTKSM_OC_ALL JTKSRWK_OC_ALL JTKSBH_OC_ALL KSM_JTKSRWK_ADMIN KSM_JTKSBH_ADMIN | F3: Verify all labels | I3: Following must be correct : a. Spelling b. Font (Standard) c. Color (Standard) d. Translation (Locale) | J3: PASS | K3: 37613 | L3: MENTERI_JTKSM_ADMIN - sahi.kesuma2908@yopmail.com - ok KSM_JTK_HQ_ADMIN - sahi.automation9279@yopmail.com - ok KSM_STATE_ADMIN - sahitest.auto2820@yopmail.com - ok KSM_STATE_USER - sahitest.auto2760@yopmail.com - ok JTKSM_OC_ALL - sahijtksm.auto3642@yopmail.com- ok JTKSRWK_OC_ALL - sahitest.auto7408@yopmail.com- ok JTKSBH_OC_ALL - sahitest.auto3733@yopmail.com - ok KSM_JTKSRWK_ADMIN - sahitest.auto6118@yopmail.com - ok KSM_JTKSBH_ADMIN - sahitest.auto5265@yopmail.com - ok | M3: FAISAL
A4: TC.TR.RPTeCom.002 | F4: Verify alignments | I4: All labels / fields are properly aligned | J4: PASS | K4: 37614 | M4: FAISAL
A5: TC.TR.RPTeCom.003 | F5: Verify breadcrumbs | I5: Breadcrumbs as per page title with correct hierarchy | J5: PASS | M5: FAISAL
A6: TC.TR.RPTeCom.004 | F6: Check Single Search Criteria | G6: Search each of search criteria | I6: Successfully search as per criteria selected | J6: PASS | M6: FAISAL
A7: TC.TR.RPTeCom.005 | F7: Check Combination of Search Criteria | G7: Search combination of search criteria | I7: Successfully search as per criteria selected | J7: PASS | M7: FAISAL
A8: TC.TR.RPTeCom.006 | D8: Verify Search Result | F8: Verify column headers | I8: All required columns should be available with appropriate labels. *All search criteria value should have a column in result table. Start/ End date should be represented by 1 date column only. | J8: PASS | K8: 37614 | M8: FAISAL
A9: TC.TR.RPTeCom.007 | F9: Verify search result data | I9: Data displayed list should be filtered according to selected criteria | J9: PASS | M9: FAISAL
A10: TC.TR.RPTeCom.008 | F10: Verify total record count | I10: Total record count should be displayed | J10: PASS | M10: FAISAL
A11: TC.TR.RPTeCom.009 | F11: Pagination | I11: Pagination should be enabled if there are too many rows (15 rows per page) | J11: PASS | M11: FAISAL
A12: TC.TR.RPTeCom.010 | F12: Navigate pagination | I12: Next, Previous, First and Last page pagination functionality should be working | J12: PASS | M12: FAISAL
A13: TC.TR.RPTeCom.011 | F13: Reset button | G13: Enter search parameter and reset. | I13: All fields should be cleared | J13: PASS | M13: FAISAL
A14: eComplaint- Complaint Summary by Stage | N14: =COUNTIF($J15:J23,"PASS") -> 9 | O14: =COUNTIF($J15:J23,"FAIL") -> 0 | P14: =COUNTBLANK(J15:J23) -> 0 | Q14: =COUNTIF($J15:J23,"IN PROGRESS") -> 0 | R14: =COUNTIF($J15:J23,"BLOCKED") -> 0
A15: TC.TR.RPTeCom.012 | B15: #28119 #35138 | C15: User Story | D15: Test Search Form | E15: User Role: KSM_JTK_HQ_ADMIN KSM_STATE_ADMIN JTKSM_OC_ALL JTKSRWK_OC_ALL JTKSBH_OC_ALL KSM_JTKSRWK_ADMIN KSM_JTKSBH_ADMIN | F15: Verify all labels | I15: Following must be correct : a. Spelling b. Font (Standard) c. Color (Standard) d. Translation (Locale) | J15: PASS | K15: 37612 37708 | M15: FAISAL
A16: TC.TR.RPTeCom.013 | F16: Verify alignments | I16: All labels / fields are properly aligned | J16: PASS | M16: FAISAL
A17: TC.TR.RPTeCom.014 | F17: Verify breadcrumbs | I17: Breadcrumbs as per page title with correct hierarchy | J17: PASS | M17: FAISAL
A18: TC.TR.RPTeCom.015 | F18: Check Single Search Criteria | G18: Search each of search criteria | I18: Successfully search as per criteria selected | J18: PASS | K18: 37744 | M18: FAISAL
A19: TC.TR.RPTeCom.016 | F19: Check Combination of Search Criteria | G19: Search combination of search criteria | I19: Successfully search as per criteria selected | J19: PASS | K19: 37744 | M19: FAISAL
A20: TC.TR.RPTeCom.017 | D20: Verify Search Result | F20: Verify column headers | I20: All required columns should be available with appropriate labels. *All search criteria value should have a column in result table. Start/ End date should be represented by 1 date column only. | J20: PASS | M20: FAISAL
A21: TC.TR.RPTeCom.018 | F21: Verify total record count | I21: Total record count should be displayed | J21: PASS | K21: 37744 | M21: FAISAL
A22: TC.TR.RPTeCom.019 | F22: Pagination | I22: Pagination should be enabled if there are too many rows (15 rows per page) | J22: PASS | M22: FAISAL
A23: TC.TR.RPTeCom.020 | F23: Navigate pagination | I23: Next, Previous, First and Last page pagination functionality should be working | J23: PASS | K23: 37709 | M23: FAISAL

Sheet eComplaint
A1: Case ID | B1: Redmine User Story | C1: Tracker | D1: Scenario | E1: Pre Condition | F1: Case | G1: Steps | H1: Test Data | I1: Expected Result | J1: Result | K1: Redmine Defect | L1: Additional/Comments/Issues | M1: QA PIC | N1: =SUM(N2:N136) -> 105 | O1: =SUM(O2:O136) -> 0 | P1: =SUM(P2:P136) -> 0 | Q1: =SUM(Q2:Q136) -> 0 | R1: =SUM(R2:R136) -> 0
A2: Verify Complaint | N2: =COUNTIF($J3:J25,"PASS") -> 23 | O2: =COUNTIF($J3:J25,"FAIL") -> 0 | P2: =COUNTBLANK(J3:J25) -> 0 | Q2: =COUNTIF($J3:J25,"IN PROGRESS") -> 0 | R2: =COUNTIF($J3:J25,"BLOCKED") -> 0
A3: TC.TR.eCom.001 | B3: #28105 | C3: User Story | D3: Test Search Form | E3: User Role: JTKSM_OC_ALL | F3: Verify all labels | I3: Following must be correct : a. Spelling b. Font (Standard) c. Color (Standard) d. Translation (Locale) | J3: PASS | K3: 37823 37826 | M3: FAISAL
A4: TC.TR.eCom.002 | F4: Verify alignments | I4: All labels / fields are properly aligned | J4: PASS | M4: FAISAL
A5: TC.TR.eCom.003 | F5: Verify breadcrumbs | I5: Breadcrumbs as per page title with correct hierarchy | J5: PASS | K5: 37746 | M5: FAISAL
A6: TC.TR.eCom.004 | F6: Check Single Search Criteria | G6: Search each of search criteria | I6: Successfully search as per criteria selected | J6: PASS | M6: FAISAL
A7: TC.TR.eCom.005 | F7: Check Combination of Search Criteria | G7: Search combination of search criteria | I7: Successfully search as per criteria selected | J7: PASS | M7: FAISAL
A8: TC.TR.eCom.006 | F8: End date less than start date | I8: Unable to search and display proper error message | J8: PASS | K8: 37745 | M8: FAISAL
A9: TC.TR.eCom.007 | F9: End date more than start date | I9: Able to search | J9: PASS | M9: FAISAL
A10: TC.TR.eCom.008 | F10: End date equal start date | I10: Able to search | J10: PASS | M10: FAISAL
A11: TC.TR.eCom.009 | D11: Verify Search Result | F11: Verify column headers | I11: All required columns should be available with appropriate labels. *All search criteria value should have a column in result table. Start/ End date should be represented by 1 date column only. | J11: PASS | K11: missing breadcrump | M11: FAISAL
A12: TC.TR.eCom.010 | F12: Verify search result data | I12: Data displayed list should be filtered according to selected criteria | J12: PASS | M12: FAISAL
A13: TC.TR.eCom.011 | F13: Verify total record count | I13: Total record count should be displayed | J13: PASS | M13: FAISAL
A14: TC.TR.eCom.012 | F14: Pagination | I14: Pagination should be enabled if there are too many rows (15 rows per page) | J14: PASS | M14: FAISAL
A15: TC.TR.eCom.013 | F15: Navigate pagination | I15: Next, Previous, First and Last page pagination functionality should be working | J15: PASS | M15: FAISAL
A16: TC.TR.eCom.014 | F16: Reset button | G16: Enter search parameter and reset. | I16: All fields should be cleared | J16: PASS | K16: 37748 | M16: FAISAL
A17: TC.TR.eCom.015 | B17: #28106 | C17: User Story | D17: Application Details | F17: Verify all labels | I17: Following must be correct : a. Spelling b. Font (Standard) c. Color (Standard) d. Translation (Locale) | J17: PASS | K17: 37823 | M17: FAISAL
A18: TC.TR.eCom.016 | F18: Verify pre-populated data | I18: Available data should auto populate by default based on data in DB | J18: PASS | K18: 37787 | M18: FAISAL
A19: TC.TR.eCom.017 | F19: Result : Verify | I19: 1. Remarks is mandatory to fill 2. Employer received email verified. | J19: PASS | M19: FAISAL
A20: TC.TR.eCom.018 | F20: Result : Verification Unsuccessful | I20: 1. Application status : 2. Employer will received an email | J20: PASS | L20: WFWJ0877244613 | M20: FAISAL
A21: TC.TR.eCom.019 | F21: Submit without entering any mandatory fields | I21: Display proper mandatory field error message | J21: PASS | M21: FAISAL
A22: TC.TR.eCom.020 | F22: Verify Assign to Inspector listing | I22: List out all assign inspector | J22: PASS | M22: FAISAL
A23: TC.TR.eCom.021 | F23: Verify popup message | I23: Success message as per requirement / standard. Check case & spelling. | J23: PASS | K23: 37824 | L23: No message for uccess/unsuccessful | M23: FAISAL
A24: TC.TR.eCom.022 | B24: #35189 | C24: User Story | D24: View Application | F24: Verify all labels | I24: Following must be correct : a. Spelling b. Font (Standard) c. Color (Standard) d. Translation (Locale) | J24: PASS | K24: 37823 | M24: FAISAL
A25: TC.TR.eCom.023 | F25: Verify pre-populated data | I25: Available data should auto populate by default based on data in DB | J25: PASS | M25: FAISAL
A26: Inspect Complaint | N26: =COUNTIF($J27:J46,"PASS") -> 20 | O26: =COUNTIF($J27:J46,"FAIL") -> 0 | P26: =COUNTBLANK(J27:J46) -> 0 | Q26: =COUNTIF($J27:J46,"IN PROGRESS") -> 0 | R26: =COUNTIF($J27:J46,"BLOCKED") -> 0
A27: TC.TR.eCom.024 | B27: #28108 | C27: User Story | D27: Test Search Form | E27: User Role: JTKSM_OC_ALL - Ketua Pejabat JTKSM_INSPECTOR - Pegawai Penyiasat FWe & WFW JTKSM_INSPECTOR WFW - Pegawai Penyiasat WFW | F27: Verify all labels | I27: Following must be correct : a. Spelling b. Font (Standard) c. Color (Standard) d. Translation (Locale) | J27: PASS | K27: 37825 | M27: FAISAL
A28: TC.TR.eCom.025 | F28: Verify alignments | I28: All labels / fields are properly aligned | J28: PASS | K28: 37825 | M28: FAISAL
A29: TC.TR.eCom.026 | F29: Verify breadcrumbs | I29: Breadcrumbs as per page title with correct hierarchy | J29: PASS | M29: FAISAL
A30: TC.TR.eCom.027 | F30: Check Single Search Criteria | G30: Search each of search criteria | I30: Successfully search as per criteria selected | J30: PASS | M30: FAISAL
A31: TC.TR.eCom.028 | F31: Check Combination of Search Criteria | G31: Search combination of search criteria | I31: Successfully search as per criteria selected | J31: PASS | M31: FAISAL
A32: TC.TR.eCom.029 | F32: End date less than start date | I32: Unable to search and display proper error message | J32: PASS | K32: 37745 | M32: FAISAL
A33: TC.TR.eCom.030 | F33: End date more than start date | I33: Able to search | J33: PASS | M33: FAISAL
A34: TC.TR.eCom.031 | F34: End date equal start date | I34: Able to search | J34: PASS | M34: FAISAL
A35: TC.TR.eCom.032 | D35: Verify Search Result | F35: Verify column headers | I35: All required columns should be available with appropriate labels. *All search criteria value should have a column in result table. Start/ End date should be represented by 1 date column only. | J35: PASS | M35: FAISAL
A36: TC.TR.eCom.033 | F36: Verify search result data | I36: Data displayed list should be filtered according to selected criteria | J36: PASS | M36: FAISAL
A37: TC.TR.eCom.034 | F37: Verify total record count | I37: Total record count should be displayed | J37: PASS | M37: FAISAL
A38: TC.TR.eCom.035 | F38: Pagination | I38: Pagination should be enabled if there are too many rows (15 rows per page) | J38: PASS | M38: FAISAL
A39: TC.TR.eCom.036 | F39: Navigate pagination | I39: Next, Previous, First and Last page pagination functionality should be working | J39: PASS | M39: FAISAL
A40: TC.TR.eCom.037 | F40: Reset button | G40: Enter search parameter and reset. | I40: All fields should be cleared | J40: PASS | M40: FAISAL
A41: TC.TR.eCom.038 | F41: Test popup doc view funtionality for Borang F | G41: At Action column. Click icon document | I41: All standard features should be working (Maximize/Minimize/Download/Zoom/Scroll/Print) | J41: PASS | K41: 38300 | M41: FAISAL
A42: TC.TR.eCom.039 | B42: #28109 | C42: User Story | D42: Application Details | F42: Verify all labels | I42: Following must be correct : a. Spelling b. Font (Standard) c. Color (Standard) d. Translation (Locale) | J42: PASS | K42: #37777 37778 37779 37780 37781 | M42: FAISAL
A43: TC.TR.eCom.040 | I43: Available data should auto populate by default based on data in DB | J43: PASS | K43: #37777 37778 37779 37780 37781 | M43: FAISAL
A44: TC.TR.eCom.041 | F44: Result : Pending Inspection | I44: 1. Remarks is mandatory to fill 2. Employer received email verified. | J44: PASS | M44: FAISAL
A45: TC.TR.eCom.043 | F45: Submit without entering any mandatory fields | I45: Display proper mandatory field error message | J45: PASS | K45: 37781 | M45: FAISAL
A46: TC.TR.eCom.044 | F46: Verify popup message | I46: Success message as per requirement / standard. Check case & spelling. | J46: PASS | K46: 37783 | M46: FAISAL
A47: Endorse Complaint | N47: =COUNTIF($J48:J69,"PASS") -> 22 | O47: =COUNTIF($J48:J69,"FAIL") -> 0 | P47: =COUNTBLANK(J48:J69) -> 0 | Q47: =COUNTIF($J48:J69,"IN PROGRESS") -> 0 | R47: =COUNTIF($J48:J69,"BLOCKED") -> 0
A48: TC.TR.eCom.045 | B48: #28111 | C48: User Story | D48: Test Search Form | E48: User Role: JTKSM_OC_ALL - Ketua Pejabat JTKSM_INSPECTOR - Pegawai Penyiasat FWe & WFW JTKSM_INSPECTOR WFW - Pegawai Penyiasat WFW | F48: Verify all labels | I48: Following must be correct : a. Spelling b. Font (Standard) c. Color (Standard) d. Translation (Locale) | J48: PASS | M48: FAISAL
A49: TC.TR.eCom.046 | F49: Verify alignments | I49: All labels / fields are properly aligned | J49: PASS | M49: FAISAL
A50: TC.TR.eCom.047 | F50: Verify breadcrumbs | I50: Breadcrumbs as per page title with correct hierarchy | J50: PASS | K50: 37747 | M50: FAISAL
A51: TC.TR.eCom.048 | F51: Check Single Search Criteria | G51: Search each of search criteria | I51: Successfully search as per criteria selected | J51: PASS | K51: 38274 | M51: FAISAL
A52: TC.TR.eCom.049 | F52: Check Combination of Search Criteria | G52: Search combination of search criteria | I52: Successfully search as per criteria selected | J52: PASS | M52: FAISAL
A53: TC.TR.eCom.050 | F53: End date less than start date | I53: Unable to search and display proper error message | J53: PASS | K53: 37745 | M53: FAISAL
A54: TC.TR.eCom.051 | F54: End date more than start date | I54: Able to search | J54: PASS | M54: FAISAL
A55: TC.TR.eCom.052 | F55: End date equal start date | I55: Able to search | J55: PASS | M55: FAISAL
A56: TC.TR.eCom.053 | D56: Verify Search Result | F56: Verify column headers | I56: All required columns should be available with appropriate labels. *All search criteria value should have a column in result table. Start/ End date should be represented by 1 date column only. | J56: PASS | M56: FAISAL
A57: TC.TR.eCom.054 | F57: Verify search result data | I57: Data displayed list should be filtered according to selected criteria | J57: PASS | K57: 38206 | M57: FAISAL
A58: TC.TR.eCom.055 | F58: Verify total record count | I58: Total record count should be displayed | J58: PASS | M58: FAISAL
A59: TC.TR.eCom.056 | F59: Pagination | I59: Pagination should be enabled if there are too many rows (15 rows per page) | J59: PASS | M59: FAISAL
A60: TC.TR.eCom.057 | F60: Navigate pagination | I60: Next, Previous, First and Last page pagination functionality should be working | J60: PASS | M60: FAISAL
A61: TC.TR.eCom.058 | F61: Reset button | G61: Enter search parameter and reset. | I61: All fields should be cleared | J61: PASS | M61: FAISAL
A62: TC.TR.eCom.059 | B62: #28112 | C62: User Story | D62: Application Details | F62: Verify all labels | I62: Following must be correct : a. Spelling b. Font (Standard) c. Color (Standard) d. Translation (Locale) | J62: PASS | K62: 38138 | M62: FAISAL
A63: TC.TR.eCom.060 | F63: Verify pre-populated data | I63: Available data should auto populate by default based on data in DB | J63: PASS | K63: 38182 | M63: FAISAL
A64: TC.TR.eCom.061 | F64: Endorsement Status : ENDORSE | I64: 1. Remarks is mandatory to fill 2. Employer received email verified. | J64: PASS | M64: FAISAL
A65: TC.TR.eCom.062 | F65: Endorsement Status : REQUIRE RE-INSPECTION | I65: 1. Application status : 2. Employer will received an email | J65: PASS | M65: FAISAL
A66: TC.TR.eCom.063 | F66: Further Action Status : INVESTIGATION | J66: PASS | M66: FAISAL
A67: TC.TR.eCom.064 | F67: Further Action Status : SERVICE ADVISOR | J67: PASS | M67: FAISAL
A68: TC.TR.eCom.065 | F68: Submit without entering any mandatory fields | I68: Display proper mandatory field error message | J68: PASS | M68: FAISAL
A69: TC.TR.eCom.066 | F69: Verify popup message | I69: Success message as per requirement / standard. Check case & spelling. | J69: PASS | M69: FAISAL
A70: Maintenance and Manage Case | N70: =COUNTIF($J71:J93,"PASS") -> 23 | O70: =COUNTIF($J71:J93,"FAIL") -> 0 | P70: =COUNTBLANK(J71:J93) -> 0 | Q70: =COUNTIF($J71:J93,"IN PROGRESS") -> 0 | R70: =COUNTIF($J71:J93,"BLOCKED") -> 0
A71: TC.TR.eCom.067 | B71: #28122 | C71: User Story | D71: Test Search Form | E71: User Role: JTKSM_OC_ALL - Ketua Pejabat JTKSM_INSPECTOR - Pegawai Penyiasat FWe & WFW JTKSM_INSPECTOR WFW - Pegawai Penyiasat WFW | F71: Verify all labels | I71: Following must be correct : a. Spelling b. Font (Standard) c. Color (Standard) d. Translation (Locale) | J71: PASS | M71: FAISAL
A72: TC.TR.eCom.068 | F72: Verify alignments | I72: All labels / fields are properly aligned | J72: PASS | M72: FAISAL
A73: TC.TR.eCom.069 | F73: Verify breadcrumbs | I73: Breadcrumbs as per page title with correct hierarchy | J73: PASS | M73: FAISAL
A74: TC.TR.eCom.070 | F74: Check Single Search Criteria | G74: Search each of search criteria | I74: Successfully search as per criteria selected | J74: PASS | M74: FAISAL
A75: TC.TR.eCom.071 | F75: Check Combination of Search Criteria | G75: Search combination of search criteria | I75: Successfully search as per criteria selected | J75: PASS | M75: FAISAL
A76: TC.TR.eCom.072 | D76: Verify Search Result | F76: Verify column headers | I76: All required columns should be available with appropriate labels. *All search criteria value should have a column in result table. Start/ End date should be represented by 1 date column only. | J76: PASS | M76: FAISAL
A77: TC.TR.eCom.073 | F77: Verify search result data | I77: Data displayed list should be filtered according to selected criteria | J77: PASS | M77: FAISAL
A78: TC.TR.eCom.074 | F78: Verify total record count | I78: Total record count should be displayed | J78: PASS | M78: FAISAL
A79: TC.TR.eCom.075 | F79: Pagination | I79: Pagination should be enabled if there are too many rows (15 rows per page) | J79: PASS | M79: FAISAL
A80: TC.TR.eCom.076 | F80: Navigate pagination | I80: Next, Previous, First and Last page pagination functionality should be working | J80: PASS | M80: FAISAL
A81: TC.TR.eCom.077 | F81: Reset button | G81: Enter search parameter and reset. | I81: All fields should be cleared | J81: PASS | M81: FAISAL
A82: TC.TR.eCom.078 | B82: #28123 | C82: User Story | D82: Pending Verification | F82: Verify all labels | I82: Following must be correct : a. Spelling b. Font (Standard) c. Color (Standard) d. Translation (Locale) | J82: PASS | M82: FAISAL
A83: TC.TR.eCom.079 | F83: Verify pre-populated data | I83: Available data should auto populate by default based on data in DB | J83: PASS | M83: FAISAL
A84: TC.TR.eCom.080 | F84: Verify Transfer Case radio button | I84: Only 1 radio button can be selected at any one time | J84: PASS | K84: 38299 | M84: FAISAL
A85: TC.TR.eCom.081 | F85: Submit without entering any mandatory fields | I85: Display proper mandatory field error message | J85: PASS | M85: FAISAL
A86: TC.TR.eCom.082 | B86: #28124 | C86: User Story | D86: Pending Re-Inspection | F86: Verify all labels | I86: Following must be correct : a. Spelling b. Font (Standard) c. Color (Standard) d. Translation (Locale) | J86: PASS | M86: FAISAL
A87: TC.TR.eCom.083 | F87: Verify pre-populated data | I87: Available data should auto populate by default based on data in DB | J87: PASS | M87: FAISAL
A88: TC.TR.eCom.084 | F88: Verify reassign to Inspector | I88: Only 1 radio button can be selected at any one time | J88: PASS | M88: FAISAL
A89: TC.TR.eCom.085 | F89: Submit without entering any mandatory fields | I89: Display proper mandatory field error message | J89: PASS | M89: FAISAL
A90: TC.TR.eCom.086 | B90: #28125 | C90: User Story | D90: Pending Inspection | F90: Verify all labels | I90: Following must be correct : a. Spelling b. Font (Standard) c. Color (Standard) d. Translation (Locale) | J90: PASS | M90: FAISAL
A91: TC.TR.eCom.087 | F91: Verify pre-populated data | I91: Available data should auto populate by default based on data in DB | J91: PASS | M91: FAISAL
A92: TC.TR.eCom.088 | F92: Verify reassign to Inspector | I92: Only 1 radio button can be selected at any one time | J92: PASS | M92: FAISAL
A93: TC.TR.eCom.089 | F93: Submit without entering any mandatory fields | I93: Display proper mandatory field error message | J93: PASS | M93: FAISAL
A94: Global Search | N94: =COUNTIF($J95:J108,"PASS") -> 14 | O94: =COUNTIF($J95:J108,"FAIL") -> 0 | P94: =COUNTBLANK(J95:J108) -> 0 | Q94: =COUNTIF($J95:J108,"IN PROGRESS") -> 0 | R94: =COUNTIF($J95:J108,"BLOCKED") -> 0
A95: TC.TR.eCom.090 | B95: #37400 | C95: User Story | D95: Test Search Form | F95: Verify all labels | I95: Following must be correct : a. Spelling b. Font (Standard) c. Color (Standard) d. Translation (Locale) | J95: PASS | K95: 37826 37829 | M95: FAISAL
A96: TC.TR.eCom.091 | F96: Verify alignments | I96: All labels / fields are properly aligned | J96: PASS | M96: FAISAL
A97: TC.TR.eCom.092 | F97: Verify breadcrumbs | I97: Breadcrumbs as per page title with correct hierarchy | J97: PASS | K97: 38193 | M97: FAISAL
A98: TC.TR.eCom.093 | F98: Check Single Search Criteria | G98: Search each of search criteria | I98: Successfully search as per criteria selected | J98: PASS | M98: FAISAL
A99: TC.TR.eCom.094 | F99: Check Combination of Search Criteria | G99: Search combination of search criteria | I99: Successfully search as per criteria selected | J99: PASS | M99: FAISAL
A100: TC.TR.eCom.095 | F100: End date less than start date | I100: Unable to search and display proper error message | J100: PASS | M100: FAISAL
...

Sheet NNS Quota Allocation Reporting
A1: Case ID | B1: Redmine User Story | C1: Tracker | D1: Scenario | E1: Pre Condition | F1: Case | G1: Steps | H1: Test Data | I1: Expected Result | J1: Result | K1: Redmine Defect | L1: Additional/Comments/Issues | M1: QA PIC | N1: =SUM(N2:N101) -> 40 | O1: =SUM(O2:O101) -> 0 | P1: =SUM(P2:P101) -> 0 | Q1: =SUM(Q2:Q101) -> 0 | R1: =SUM(R2:R101) -> 4
A2: NNS Quota Allocation Report - By Sector | N2: =COUNTIF($J3:J16,"PASS") -> 12 | O2: =COUNTIF($J3:J16,"FAIL") -> 0 | P2: =COUNTBLANK(J3:J16) -> 0 | Q2: =COUNTIF($J3:J16,"IN PROGRESS") -> 0 | R2: =COUNTIF($J3:J16,"BLOCKED") -> 2
A3: TC.TR.RPTNNS.001 | B3: #35127 | C3: User Story | D3: Test Search Form | E3: User Role: -SUPER_ADMIN | F3: Verify all labels | I3: Following must be correct : a. Spelling b. Font (Standard) c. Color (Standard) d. Translation (Locale) | J3: PASS | K3: #38104 #38113 | M3: QINA
A4: TC.TR.RPTNNS.002 | F4: Verify alignments | I4: All labels / fields are properly aligned | J4: PASS | K4: #38110 #38111 #38149 | M4: QINA
A5: TC.TR.RPTNNS.003 | F5: Verify breadcrumbs | I5: Breadcrumbs as per page title with correct hierarchy | J5: PASS | K5: #38104 #38113 | M5: QINA
A6: TC.TR.RPTNNS.004 | F6: Check Single Search Criteria | G6: Search each of search criteria | I6: Successfully search as per criteria selected | J6: PASS | K6: #38110 #38111 #38149 | M6: QINA
A7: TC.TR.RPTNNS.005 | F7: Check Combination of Search Criteria | G7: Search combination of search criteria | I7: Successfully search as per criteria selected | J7: PASS | K7: #38114 #38119 | M7: QINA
A8: TC.TR.RPTNNS.006 | F8: End date less than start date | I8: Unable to search and display proper error message | J8: PASS | K8: #38110 #38111 #38114 #38149 | M8: QINA
A9: TC.TR.RPTNNS.007 | F9: End date more than start date | I9: Able to search | J9: PASS | M9: QINA
A10: TC.TR.RPTNNS.008 | F10: End date equal start date | I10: Able to search | J10: PASS | M10: QINA
A11: TC.TR.RPTNNS.009 | D11: Verify Search Result | F11: Verify column headers | I11: All required columns should be available with appropriate labels. | J11: PASS | M11: QINA
A12: TC.TR.RPTNNS.010 | F12: Verify search result data | I12: Data displayed list should be filtered according to selected criteria | J12: PASS | K12: #38114 #38119 | M12: QINA
A13: TC.TR.RPTNNS.011 | F13: Verify total record count | I13: Total record count should be displayed | J13: PASS | M13: QINA
A14: TC.TR.RPTNNS.012 | F14: Reset button | G14: Enter search parameter and reset. | I14: All fields should be cleared | J14: PASS | M14: QINA
A15: TC.TR.RPTNNS.013 | F15: Print Button | I15: Successfully generate pdf document | J15: BLOCKED | K15: #38124 | M15: QINA
A16: TC.TR.RPTNNS.014 | F16: Export Button | I16: Successfully generate excel document | J16: BLOCKED | K16: #38124 | M16: QINA
A17: NNS Quota Allocation Report - Top 10 Employers | N17: =COUNTIF($J18:J31,"PASS") -> 14 | O17: =COUNTIF($J18:J31,"FAIL") -> 0 | P17: =COUNTBLANK(J18:J31) -> 0 | Q17: =COUNTIF($J18:J31,"IN PROGRESS") -> 0 | R17: =COUNTIF($J18:J31,"BLOCKED") -> 0
A18: TC.TR.RPTNNS.015 | B18: #35128 | C18: User Story | D18: Test Search Form | E18: User Role: -SUPER_ADMIN | F18: Verify all labels | I18: Following must be correct : a. Spelling b. Font (Standard) c. Color (Standard) d. Translation (Locale) | J18: PASS | K18: #38104 #38113 | M18: QINA
A19: TC.TR.RPTNNS.016 | F19: Verify alignments | I19: All labels / fields are properly aligned | J19: PASS | K19: #38145 #38127 #38150 | M19: QINA
A20: TC.TR.RPTNNS.017 | F20: Verify breadcrumbs | I20: Breadcrumbs as per page title with correct hierarchy | J20: PASS | K20: #38104 #38113 | M20: QINA
A21: TC.TR.RPTNNS.018 | F21: Check Single Search Criteria | G21: Search each of search criteria | I21: Successfully search as per criteria selected | J21: PASS | K21: #38134 | M21: QINA
A22: TC.TR.RPTNNS.019 | F22: Check Combination of Search Criteria | G22: Search combination of search criteria | I22: Successfully search as per criteria selected | J22: PASS | K22: #38134 | M22: QINA
A23: TC.TR.RPTNNS.020 | F23: End date less than start date | I23: Unable to search and display proper error message | J23: PASS | K23: #38127 #38150 | M23: QINA
A24: TC.TR.RPTNNS.021 | F24: End date more than start date | I24: Able to search | J24: PASS | M24: QINA
A25: TC.TR.RPTNNS.022 | F25: End date equal start date | I25: Able to search | J25: PASS | M25: QINA
A26: TC.TR.RPTNNS.023 | D26: Verify Search Result | F26: Verify column headers | I26: All required columns should be available with appropriate labels. | J26: PASS | M26: QINA
A27: TC.TR.RPTNNS.024 | F27: Verify search result data | I27: Data displayed list should be filtered according to selected criteria | J27: PASS | K27: #38134 | M27: QINA
A28: TC.TR.RPTNNS.025 | F28: Verify total record count | I28: Total record count should be displayed | J28: PASS | K28: #38134 #38153 | M28: QINA
A29: TC.TR.RPTNNS.026 | F29: Print Button | I29: Successfully generate pdf document | J29: PASS | K29: #38139 | M29: QINA
A30: TC.TR.RPTNNS.027 | F30: Export Button | I30: Successfully generate excel document | J30: PASS | K30: #38139 | M30: QINA
A31: TC.TR.RPTNNS.028 | F31: Reset button | G31: Enter search parameter and reset. | I31: All fields should be cleared | J31: PASS | K31: #38127 | M31: QINA
A32: NNS Quota Allocation Report - Transaction Report | N32: =COUNTIF($J33:J48,"PASS") -> 14 | O32: =COUNTIF($J33:J48,"FAIL") -> 0 | P32: =COUNTBLANK(J33:J48) -> 0 | Q32: =COUNTIF($J33:J48,"IN PROGRESS") -> 0 | R32: =COUNTIF($J33:J48,"BLOCKED") -> 2
A33: TC.TR.RPTNNS.029 | B33: #35129 | C33: User Story | D33: Test Search Form | E33: User Role: -SUPER_ADMIN | F33: Verify all labels | I33: Following must be correct : a. Spelling b. Font (Standard) c. Color (Standard) d. Translation (Locale) | J33: PASS | K33: #38104 #38113 | M33: QINA
A34: TC.TR.RPTNNS.030 | F34: Verify alignments | I34: All labels / fields are properly aligned | J34: PASS | K34: #38146 #38151 | M34: QINA
A35: TC.TR.RPTNNS.031 | F35: Verify breadcrumbs | I35: Breadcrumbs as per page title with correct hierarchy | J35: PASS | K35: #38104 #38113 | M35: QINA
A36: TC.TR.RPTNNS.032 | F36: Check Single Search Criteria | G36: Search each of search criteria | I36: Successfully search as per criteria selected | J36: PASS | M36: QINA
A37: TC.TR.RPTNNS.033 | F37: Check Combination of Search Criteria | G37: Search combination of search criteria | I37: Successfully search as per criteria selected | J37: PASS | K37: #38152 | M37: QINA
A38: TC.TR.RPTNNS.034 | F38: End date less than start date | I38: Unable to search and display proper error message | J38: PASS | K38: #38147 | M38: QINA
A39: TC.TR.RPTNNS.035 | F39: End date more than start date | I39: Able to search | J39: PASS | M39: QINA
A40: TC.TR.RPTNNS.036 | F40: End date equal start date | I40: Able to search | J40: PASS | M40: QINA
A41: TC.TR.RPTNNS.037 | D41: Verify Search Result | F41: Verify column headers | I41: All required columns should be available with appropriate labels. | J41: PASS | M41: QINA
A42: TC.TR.RPTNNS.038 | F42: Verify search result data | I42: Data displayed list should be filtered according to selected criteria | J42: PASS | K42: #38152 | M42: QINA
A43: TC.TR.RPTNNS.039 | F43: Verify total record count | I43: Total record count should be displayed | J43: PASS | K43: #38156 | M43: QINA
A44: TC.TR.RPTNNS.040 | F44: Pagination | I44: Pagination should be enabled if there are too many rows (15 rows per page) | J44: PASS | K44: #38156 | M44: QINA
A45: TC.TR.RPTNNS.041 | F45: Navigate pagination | I45: Next, Previous, First and Last page pagination functionality should be working | J45: PASS | K45: #38156 | M45: QINA
A46: TC.TR.RPTNNS.042 | F46: Reset button | G46: Enter search parameter and reset. | I46: All fields should be cleared | J46: PASS | M46: QINA
A47: TC.TR.RPTNNS.043 | F47: Print Button | I47: Successfully generate pdf document | J47: BLOCKED | K47: #38157 | M47: QINA
A48: TC.TR.RPTNNS.044 | F48: Export Button | I48: Successfully generate excel document | J48: BLOCKED | K48: #38157 | M48: QINA

Sheet Quota Application Reporting
A1: Case ID | B1: Redmine User Story | C1: Tracker | D1: Scenario | E1: Pre Condition | F1: Case | G1: Steps | H1: Test Data | I1: Expected Result | J1: Result | K1: Redmine Defect | L1: Additional/Comments/Issues | M1: QA PIC | N1: =SUM(N2:N115) -> 98 | O1: =SUM(O2:O115) -> 0 | P1: =SUM(P2:P115) -> 0 | Q1: =SUM(Q2:Q115) -> 0 | R1: =SUM(R2:R115) -> 2
A2: Quota Application Report - Summary Page | N2: =COUNTIF($J3:J20,"PASS") -> 18 | O2: =COUNTIF($J3:J20,"FAIL") -> 0 | P2: =COUNTBLANK(J3:J20) -> 0 | Q2: =COUNTIF($J3:J20,"IN PROGRESS") -> 0 | R2: =COUNTIF($J3:J20,"BLOCKED") -> 0
A3: TC.TR.RPTeQuora.001 | B3: #34384 #35117 #35130 #35131 #37382 #37471 | C3: User Story | D3: Test Search Form | E3: User Role: -SUPER_ADMIN | F3: Verify all labels | H3: sahitest.auto2824@yopmail.com | I3: Following must be correct : a. Spelling b. Font (Standard) c. Color (Standard) d. Translation (Locale) | J3: PASS | K3: #38126 | M3: FAISAL
A4: TC.TR.RPTeQuora.002 | F4: Verify alignments | I4: All labels / fields are properly aligned | J4: PASS | M4: FAISAL
A5: TC.TR.RPTeQuora.003 | F5: Verify breadcrumbs | I5: Breadcrumbs as per page title with correct hierarchy | J5: PASS | K5: #38120 | M5: SYASYA
A6: TC.TR.RPTeQuora.004 | F6: Check Single Search Criteria | G6: Search each of search criteria | I6: Successfully search as per criteria selected | J6: PASS | K6: #38121 | M6: SYASYA
A7: TC.TR.RPTeQuora.005 | F7: Check Combination of Search Criteria | G7: Search combination of search criteria | I7: Successfully search as per criteria selected | J7: PASS | K7: #38121 | M7: SYASYA
A8: TC.TR.RPTeQuora.006 | F8: End date less than start date | I8: Unable to search and display proper error message | J8: PASS | K8: #38123 | M8: SYASYA
A9: TC.TR.RPTeQuora.007 | F9: End date more than start date | I9: Able to search | J9: PASS | M9: FAISAL
A10: TC.TR.RPTeQuora.008 | F10: End date equal start date | I10: Able to search | J10: PASS | M10: FAISAL
A11: TC.TR.RPTeQuora.009 | D11: Verify Search Result | F11: Verify column headers | I11: All required columns should be available with appropriate labels. | J11: PASS | K11: #38126 | M11: SYASYA
A12: TC.TR.RPTeQuora.010 | F12: Verify search result data | I12: Data displayed list should be filtered according to selected criteria | J12: PASS | K12: #38128 | M12: FAISAL
A13: TC.TR.RPTeQuora.011 | F13: Verify total record count | I13: Total record count should be displayed | J13: PASS | M13: FAISAL
A14: TC.TR.RPTeQuora.012 | F14: Pagination | I14: Pagination should be enabled if there are too many rows (15 rows per page) | J14: PASS | M14: SYASYA
A15: TC.TR.RPTeQuora.013 | F15: Navigate pagination | I15: Next, Previous, First and Last page pagination functionality should be working | J15: PASS | M15: FAISAL
A16: TC.TR.RPTeQuora.014 | F16: Reset button | G16: Enter search parameter and reset. | I16: All fields should be cleared | J16: PASS | M16: FAISAL
A17: TC.TR.RPTeQuora.015 | D17: Approver Slip | F17: View Approver slip | I17: Successfully view approver slip | J17: PASS | K17: #38144 | M17: FAISAL
A18: TC.TR.RPTeQuora.016 | D18: Verify Application | F18: Verify application | I18: Successfully verify application | J18: PASS | M18: FAISAL
A19: TC.TR.RPTeQuora.017 | D19: Print Button | F19: Print Button | I19: Successfully generate pdf document | J19: PASS | M19: FAISAL
A20: TC.TR.RPTeQuora.018 | D20: Export Button | F20: Export Button | I20: Successfully generate excel document | J20: PASS | M20: FAISAL
A21: Quota Application Report - Quota Application (Biasa) | N21: =COUNTIF($J22:J39,"PASS") -> 18 | O21: =COUNTIF($J22:J39,"FAIL") -> 0 | P21: =COUNTBLANK(J22:J39) -> 0 | Q21: =COUNTIF($J22:J39,"IN PROGRESS") -> 0 | R21: =COUNTIF($J22:J39,"BLOCKED") -> 0
A22: TC.TR.RPTeQuora.019 | B22: #35131 | C22: User Story | D22: Test Search Form | E22: User Role: -SUPER_ADMIN | F22: Verify all labels | I22: Following must be correct : a. Spelling b. Font (Standard) c. Color (Standard) d. Translation (Locale) | J22: PASS | M22: FAISAL
A23: TC.TR.RPTeQuora.020 | F23: Verify alignments | I23: All labels / fields are properly aligned | J23: PASS | M23: FAISAL
A24: TC.TR.RPTeQuora.021 | F24: Verify breadcrumbs | I24: Breadcrumbs as per page title with correct hierarchy | J24: PASS | K24: 38208 | M24: FAISAL
A25: TC.TR.RPTeQuora.022 | F25: Check Single Search Criteria | G25: Search each of search criteria | I25: Successfully search as per criteria selected | J25: PASS | M25: FAISAL
A26: TC.TR.RPTeQuora.023 | F26: Check Combination of Search Criteria | G26: Search combination of search criteria | I26: Successfully search as per criteria selected | J26: PASS | K26: 38121 | M26: FAISAL
A27: TC.TR.RPTeQuora.024 | F27: End date less than start date | I27: Unable to search and display proper error message | J27: PASS | K27: 38208 | M27: FAISAL
A28: TC.TR.RPTeQuora.025 | F28: End date more than start date | I28: Able to search | J28: PASS | M28: FAISAL
A29: TC.TR.RPTeQuora.026 | F29: End date equal start date | I29: Able to search | J29: PASS | M29: FAISAL
A30: TC.TR.RPTeQuora.027 | D30: Verify Search Result | F30: Verify column headers | I30: All required columns should be available with appropriate labels. | J30: PASS | M30: FAISAL
A31: TC.TR.RPTeQuora.028 | F31: Verify search result data | I31: Data displayed list should be filtered according to selected criteria | J31: PASS | K31: 38208 | M31: FAISAL
A32: TC.TR.RPTeQuora.029 | F32: Verify total record count | I32: Total record count should be displayed | J32: PASS | M32: FAISAL
A33: TC.TR.RPTeQuora.030 | F33: Pagination | I33: Pagination should be enabled if there are too many rows (15 rows per page) | J33: PASS | K33: 38208 | M33: FAISAL
A34: TC.TR.RPTeQuora.031 | F34: Navigate pagination | I34: Next, Previous, First and Last page pagination functionality should be working | J34: PASS | M34: FAISAL
A35: TC.TR.RPTeQuora.032 | F35: Reset button | G35: Enter search parameter and reset. | I35: All fields should be cleared | J35: PASS | M35: FAISAL
A36: TC.TR.RPTeQuora.033 | D36: Approver Slip | F36: View Approver slip | I36: Successfully view approver slip | J36: PASS | M36: FAISAL
A37: TC.TR.RPTeQuora.034 | D37: Verify Application | F37: Verify application | I37: Successfully verify application | J37: PASS | M37: FAISAL
A38: TC.TR.RPTeQuora.035 | D38: Verify Print and Export Result | F38: Print Button | I38: Successfully generate pdf document | J38: PASS | M38: FAISAL
A39: TC.TR.RPTeQuora.036 | F39: Export Button | I39: Successfully generate excel document | J39: PASS | M39: FAISAL
A40: Top 5 Application by Job Category | N40: =COUNTIF($J41:J53,"PASS") -> 13 | O40: =COUNTIF($J41:J53,"FAIL") -> 0 | P40: =COUNTBLANK(J41:J53) -> 0 | Q40: =COUNTIF($J41:J53,"IN PROGRESS") -> 0 | R40: =COUNTIF($J41:J53,"BLOCKED") -> 0
A41: TC.TR.RPTeQuora.037 | B41: #35132 | C41: User Story | D41: Test Search Form | E41: User Role: -SUPER_ADMIN | F41: Verify all labels | I41: Following must be correct : a. Spelling b. Font (Standard) c. Color (Standard) d. Translation (Locale) | J41: PASS | K41: 38207 | M41: FAISAL
A42: TC.TR.RPTeQuora.038 | F42: Verify alignments | I42: All labels / fields are properly aligned | J42: PASS | K42: 38207 | M42: FAISAL
A43: TC.TR.RPTeQuora.039 | F43: Verify breadcrumbs | I43: Breadcrumbs as per page title with correct hierarchy | J43: PASS | K43: 38207 | M43: FAISAL
A44: TC.TR.RPTeQuora.040 | F44: Check Single Search Criteria | G44: Search each of search criteria | I44: Successfully search as per criteria selected | J44: PASS | M44: FAISAL
A45: TC.TR.RPTeQuora.042 | F45: End date less than start date | I45: Unable to search and display proper error message | J45: PASS | M45: FAISAL
A46: TC.TR.RPTeQuora.043 | F46: End date more than start date | I46: Able to search | J46: PASS | M46: FAISAL
A47: TC.TR.RPTeQuora.044 | F47: End date equal start date | I47: Able to search | J47: PASS | M47: FAISAL
A48: TC.TR.RPTeQuora.045 | D48: Verify Search Result | F48: Verify column headers | I48: All required columns should be available with appropriate labels. *All search criteria value should have a column in result table. Start/ End date should be represented by 1 date column only. | J48: PASS | M48: FAISAL
A49: TC.TR.RPTeQuora.046 | F49: Verify search result data | I49: Data displayed list should be filtered according to selected criteria | J49: PASS | M49: FAISAL
A50: TC.TR.RPTeQuora.047 | F50: Verify total record count | I50: Total record count should be displayed | J50: PASS | M50: FAISAL
A51: TC.TR.RPTeQuora.048 | F51: Reset button | G51: Enter search parameter and reset. | I51: All fields should be cleared | J51: PASS | M51: FAISAL
A52: TC.TR.RPTeQuora.049 | D52: Verify Print and Export Result | F52: Print Button | I52: Successfully generate pdf document | J52: PASS | K52: 38207 | M52: FAISAL
A53: TC.TR.RPTeQuora.050 | F53: Export Button | I53: Successfully generate excel document | J53: PASS | K53: 38207 | M53: FAISAL
A54: Total Quota Application by Reg Agency | N54: =COUNTIF($J55:J68,"PASS") -> 14 | O54: =COUNTIF($J55:J68,"FAIL") -> 0 | P54: =COUNTBLANK(J55:J68) -> 0 | Q54: =COUNTIF($J55:J68,"IN PROGRESS") -> 0 | R54: =COUNTIF($J55:J68,"BLOCKED") -> 0
A55: TC.TR.RPTeQuora.051 | B55: #35133 | C55: User Story | D55: Test Search Form | E55: User ROle: -SUPER_ADMIN | F55: Verify all labels | I55: Following must be correct : a. Spelling b. Font (Standard) c. Color (Standard) d. Translation (Locale) | J55: PASS | M55: FAISAL
A56: TC.TR.RPTeQuora.052 | F56: Verify alignments | I56: All labels / fields are properly aligned | J56: PASS | M56: FAISAL
A57: TC.TR.RPTeQuora.053 | F57: Verify breadcrumbs | I57: Breadcrumbs as per page title with correct hierarchy | J57: PASS | M57: FAISAL
A58: TC.TR.RPTeQuora.054 | F58: Check Single Search Criteria | G58: Search each of search criteria | I58: Successfully search as per criteria selected | J58: PASS | M58: FAISAL
A59: TC.TR.RPTeQuora.055 | F59: Check Combination of Search Criteria | G59: Search combination of search criteria | I59: Successfully search as per criteria selected | J59: PASS | M59: FAISAL
A60: TC.TR.RPTeQuora.056 | F60: End date less than start date | I60: Unable to search and display proper error message | J60: PASS | M60: FAISAL
A61: TC.TR.RPTeQuora.057 | F61: End date more than start date | I61: Able to search | J61: PASS | M61: FAISAL
A62: TC.TR.RPTeQuora.058 | F62: End date equal start date | I62: Able to search | J62: PASS | M62: FAISAL
A63: TC.TR.RPTeQuora.059 | D63: Verify Search Result | F63: Verify column headers | I63: All required columns should be available with appropriate labels. *All search criteria value should have a column in result table. Start/ End date should be represented by 1 date column only. | J63: PASS | M63: FAISAL
A64: TC.TR.RPTeQuora.060 | F64: Verify search result data | I64: Data displayed list should be filtered according to selected criteria | J64: PASS | M64: FAISAL
A65: TC.TR.RPTeQuora.061 | F65: Verify total record count | I65: Total record count should be displayed | J65: PASS | M65: FAISAL
A66: TC.TR.RPTeQuora.062 | F66: Reset button | G66: Enter search parameter and reset. | I66: All fields should be cleared | J66: PASS | M66: FAISAL
A67: TC.TR.RPTeQuora.063 | D67: Verify Print and Export Result | F67: Print Button | I67: Successfully generate pdf document | J67: PASS | M67: FAISAL
A68: TC.TR.RPTeQuora.064 | F68: Export Button | I68: Successfully generate excel document | J68: PASS | M68: FAISAL
A69: Total Quota Application by State | N69: =COUNTIF($J70:J83,"PASS") -> 14 | O69: =COUNTIF($J70:J83,"FAIL") -> 0 | P69: =COUNTBLANK(J70:J83) -> 0 | Q69: =COUNTIF($J70:J83,"IN PROGRESS") -> 0 | R69: =COUNTIF($J70:J83,"BLOCKED") -> 0
A70: TC.TR.RPTeQuora.065 | B70: #35134 | C70: User Story | D70: Test Search Form | E70: User Role: -SUPER_ADMIN -KSM_ADMIN -KSM_UPP_EQ_ADMIN -KDN_LVL_1_USR -KDN_LVL_2_ADM -KSM_USER -JTK_ADMIN -JTK_USER | F70: Verify all labels | I70: Following must be correct : a. Spelling b. Font (Standard) c. Color (Standard) d. Translation (Locale) | J70: PASS | K70: 38205 | M70: FAISAL
A71: TC.TR.RPTeQuora.066 | F71: Verify alignments | I71: All labels / fields are properly aligned | J71: PASS | M71: FAISAL
A72: TC.TR.RPTeQuora.067 | F72: Verify breadcrumbs | I72: Breadcrumbs as per page title with correct hierarchy | J72: PASS | K72: 38205 | M72: FAISAL
A73: TC.TR.RPTeQuora.068 | F73: Check Single Search Criteria | G73: Search each of search criteria | I73: Successfully search as per criteria selected | J73: PASS | M73: FAISAL
A74: TC.TR.RPTeQuora.069 | F74: Check Combination of Search Criteria | G74: Search combination of search criteria | I74: Successfully search as per criteria selected | J74: PASS | M74: FAISAL
A75: TC.TR.RPTeQuora.070 | F75: End date less than start date | I75: Unable to search and display proper error message | J75: PASS | M75: FAISAL
A76: TC.TR.RPTeQuora.071 | F76: End date more than start date | I76: Able to search | J76: PASS | M76: FAISAL
A77: TC.TR.RPTeQuora.072 | F77: End date equal start date | I77: Able to search | J77: PASS | M77: FAISAL
A78: TC.TR.RPTeQuora.073 | D78: Verify Search Result | F78: Verify column headers | I78: All required columns should be available with appropriate labels. *All search criteria value should have a column in result table. Start/ End date should be represented by 1 date column only. | J78: PASS | M78: FAISAL
A79: TC.TR.RPTeQuora.074 | F79: Verify search result data | I79: Data displayed list should be filtered according to selected criteria | J79: PASS | M79: FAISAL
A80: TC.TR.RPTeQuora.075 | F80: Verify total record count | I80: Total record count should be displayed | J80: PASS | M80: FAISAL
A81: TC.TR.RPTeQuora.076 | F81: Reset button | G81: Enter search parameter and reset. | I81: All fields should be cleared | J81: PASS | M81: FAISAL
A82: TC.TR.RPTeQuora.077 | D82: Verify Print and Export Result | F82: Print Button | I82: Successfully generate pdf document | J82: PASS | M82: FAISAL
A83: TC.TR.RPTeQuora.078 | F83: Export Button | I83: Successfully generate excel document | J83: PASS | M83: FAISAL
A84: Total Quota Application by Status | N84: =COUNTIF($J85:J98,"PASS") -> 14 | O84: =COUNTIF($J85:J98,"FAIL") -> 0 | P84: =COUNTBLANK(J85:J98) -> 0 | Q84: =COUNTIF($J85:J98,"IN PROGRESS") -> 0 | R84: =COUNTIF($J85:J98,"BLOCKED") -> 0
A85: TC.TR.RPTeQuora.079 | B85: #35135 | C85: User Story | D85: Test Search Form | E85: User Role: -SUPER_ADMIN -KSM_ADMIN -KSM_UPP_EQ_ADMIN -KDN_LVL_1_USR -KSM_USER -JTK_ADMIN -JTK_USER | F85: Verify all labels | I85: Following must be correct : a. Spelling b. Font (Standard) c. Color (Standard) d. Translation (Locale) | J85: PASS | M85: FAISAL
A86: TC.TR.RPTeQuora.080 | F86: Verify alignments | I86: All labels / fields are properly aligned | J86: PASS | M86: FAISAL
A87: TC.TR.RPTeQuora.081 | F87: Verify breadcrumbs | I87: Breadcrumbs as per page title with correct hierarchy | J87: PASS | M87: FAISAL
A88: TC.TR.RPTeQuora.082 | F88: Check Single Search Criteria | G88: Search each of search criteria | I88: Successfully search as per criteria selected | J88: PASS | M88: FAISAL
A89: TC.TR.RPTeQuora.083 | F89: Check Combination of Search Criteria | G89: Search combination of search criteria | I89: Successfully search as per criteria selected | J89: PASS | M89: FAISAL
A90: TC.TR.RPTeQuora.084 | F90: End date less than start date | I90: Unable to search and display proper error message | J90: PASS | M90: FAISAL
A91: TC.TR.RPTeQuora.085 | F91: End date more than start date | I91: Able to search | J91: PASS | M91: FAISAL
A92: TC.TR.RPTeQuora.086 | F92: End date equal start date | I92: Able to search | J92: PASS | M92: FAISAL
A93: TC.TR.RPTeQuora.087 | D93: Verify Search Result | F93: Verify column headers | I93: All required columns should be available with appropriate labels. *All search criteria value should have a column in result table. Start/ End date should be represented by 1 date column only. | J93: PASS | K93: 38254 | M93: FAISAL
A94: TC.TR.RPTeQuora.088 | F94: Verify search result data | I94: Data displayed list should be filtered according to selected criteria | J94: PASS | M94: FAISAL
A95: TC.TR.RPTeQuora.089 | F95: Verify total record count | I95: Total record count should be displayed | J95: PASS | M95: FAISAL
A96: TC.TR.RPTeQuora.090 | F96: Reset button | G96: Enter search parameter and reset. | I96: All fields should be cleared | J96: PASS | M96: FAISAL
A97: TC.TR.RPTeQuora.091 | D97: Verify Print and Export Result | F97: Print Button | I97: Successfully generate pdf document | J97: PASS | M97: FAISAL
A98: TC.TR.RPTeQuora.092 | F98: Export Button | I98: Successfully generate excel document | J98: PASS | M98: FAISAL
A99: eQuota - Aktiviti Terkini | N99: =COUNTIF($J100:J105,"PASS") -> 5 | O99: =COUNTIF($J100:J105,"FAIL") -> 0 | P99: =COUNTBLANK(J100:J105) -> 0 | Q99: =COUNTIF($J100:J105,"IN PROGRESS") -> 0 | R99: =COUNTIF($J100:J105,"BLOCKED") -> 1
A100: TC.TR.RPTeQuora.093 | B100: #37537 #37187 | C100: User Story | D100: Document Verification Quota (Normal) | E100: User Role : eQuota - Pengesahan Dokumen Kuota 1. OSCKDN_ADMIN 2. OSCKDN_OFFCR_ADM 3. OSCKDN_PT | F100: Verify Recent Activity updated for Document Verification Quota (Normal) | I100: Recent Activity at Homepage updated | J100: PASS | K100: #38158 #38159 | M100: QINA
...

Sheet IDM UAT Feedback
A1: Case ID | B1: Redmine User Story | C1: Tracker | D1: Scenario | E1: Pre Condition | F1: Case | G1: Steps | H1: Test Data | I1: Expected Result | J1: Result | K1: Redmine Defect | L1: Additional/Comments/Issues | M1: QA PIC | N1: =SUM(N2:N104) -> 15 | O1: =SUM(O2:O104) -> 0 | P1: =SUM(P2:P104) -> 0 | Q1: =SUM(Q2:Q104) -> 0 | R1: =SUM(R2:R104) -> 0
A2: TC.TR.JIMFEEDBACK.001 | B2: #36087 | C2: User Story | D2: Pop up Message | F2: Check message in Bahasa Melayu and English for OTP Pop Up message | G2: 1. Click on daftar 2. Fill all the details needed 3. Click Hantar 4. Request OTP 5. Observe | I2: ENG. You can only regenerate the OTP after 15 minutes MY. Anda hanya boleh menjana semula OTP selepas 15 minit | J2: PASS | M2: YHUVAN / LUQMAN | N2: =COUNTIF($J2:J16,"PASS") -> 15 | O2: =COUNTIF($J2:J16,"FAIL") -> 0 | P2: =COUNTBLANK(J2:J16) -> 0 | Q2: =COUNTIF($J2:J16,"IN PROGRESS") -> 0 | R2: =COUNTIF($J2:J16,"BLOCKED") -> 0
A3: TC.TR.JIMFEEDBACK.002 | D3: Pop up Message | F3: Check message in Bahasa Melayu and English for OTP Pop Up message | G3: 1. Click on daftar 2. Fill all the details needed 3. Click Hantar 4. Request OTP 5. Wait another 15 minutes request another OTP 6. Observe | I3: ENG. You can only regenerate the OTP after 15 minutes MY. Anda hanya boleh menjana semula OTP selepas 15 minit | J3: PASS | M3: YHUVAN / LUQMAN
A4: TC.TR.JIMFEEDBACK.003 | B4: #36088 | D4: Jabatan/Agensi Label | F4: Check Jabatan/Agensi Label in Bahasa Melayu and English | G4: 1. Click on daftar 2. Observe the Jabatan/Agensi Label | I4: Eng. Department/ Agency My. Jabatan/ Agensi | J4: PASS | M4: YHUVAN / LUQMAN
A5: TC.TR.JIMFEEDBACK.004 | D5: Jabatan/Agensi Label | E5: Check user that have PRE_REG_IND = NULL SELECT * FROM sppa_env2.IDM_USER_GROUP; | F5: Check Jabatan/Agensi Label in Bahasa Melayu and English | G5: 1. Login with the user that have PRE_REG_IND = NULL 2. Click on Pengurusan Pengguna > Urus Pengguna 3. Click on Cipta Pengguna 4. Observe | I5: Eng. Department/ Agency My. Jabatan/ Agensi | J5: PASS | M5: YHUVAN / LUQMAN
A6: TC.TR.JIMFEEDBACK.005 | B6: #36089 | D6: Sokongan / Kelulusan label | F6: Check on column 'Tindakan' action button | G6: 1. Login 2. Click on Pengurusan Pengguna 3. Click on Sokongan Permohonan ID 4. Click on '…' column tindakan 5. Observe Repeat with Kelulusan Permohonan ID and observe | I6: Eng. a. Claim b. Release My. (become italic) a. Claim b. Release | J6: PASS | M6: YHUVAN / LUQMAN
A7: TC.TR.JIMFEEDBACK.006 | B7: #36090 | D7: Sokongan / Kelulusan no of row | F7: Check on the first Column before Nama Pengguna | G7: 1. Login 2. Click on Pengurusan Pengguna 3. Click on Sokongan Permohonan ID 4. Observe Repeat with Kelulusan Permohonan ID and observe | I7: Column No. is added | J7: PASS | M7: YHUVAN / LUQMAN
A8: TC.TR.JIMFEEDBACK.007 | B8: #36091 | D8: Pendaftaran Pengguna Baharu | F8: Check on error message for email missing | G8: 1. Click on daftar 2. Fill all the details needed except email 3. Click Hantar 4. Observe | I8: Eng. Email Address is required MY. Alamat Emel diperlukan | J8: PASS | M8: YHUVAN / LUQMAN
A9: TC.TR.JIMFEEDBACK.008 | D9: Pendaftaran Pengguna Baharu | F9: Check on error message for email missing | G9: 1. Click on daftar 2. Fill all the details needed except email 3. Filled in email without following format 4. Observe | I9: Error message display *kindly check for both language | J9: PASS | M9: YHUVAN / LUQMAN
A10: TC.TR.JIMFEEDBACK.009 | B10: #36092 | D10: Redirect to screen Sokongan / Kelulusan once success claim | F10: Check on once user claim the application, it will redirect the user to Sokongan / Kelulusan Permohonan ID page | G10: 1. Login 2. Click on Pengurusan Pengguna 3. Click on Sokongan Permohonan ID 4. Click on '…' column tindakan and click claim 5. Observe Repeat with Kelulusan Permohonan ID and observe | I10: Redirect to screen Sokongan / Kelulusan once success claim | J10: PASS | M10: YHUVAN / LUQMAN
A11: TC.TR.JIMFEEDBACK.010 | B11: #36093 | D11: Add table Maklumat Peranan Pengguna | F11: Check on Table Maklumat Peranan Pengguna | G11: 1. Click on daftar 2. Select Jabatan/Agensi and Peranan pengguna 3. Observe the Maklumat Peranan Pengguna must be mapped according to the excel given *Repeat all the process to each available Jabatan/Agensi and Peranan Pengguna | I11: Mapped accordingly, refer excel Automation akan cover most of the part | J11: PASS | K11: #37410 | M11: YHUVAN / LUQMAN
A12: TC.TR.JIMFEEDBACK.011 | B12: #36094 | D12: Sokongan / Kelulusan - auto release | E12: SELECT * FROM sppa_env2.PRE_IDM_PROFILE; EDR_CLAIM_BY - SOKONGAN EDR_CLAIM_DT - SOKONGAN APR_CLAIM_BY - KELULUSAN APR_CLAIM_DT - KELULUSAN all of these column will NULL after 4 days | F12: Check on Sokongan / Kelulusan auto release after 4 days without any action done by the user | G12: 1. Login 2. Click on Pengurusan Pengguna 3. Click on Sokongan Permohonan ID 4. Click on '…' column tindakan and click claim 5. Change the date of the application to be after 4 days after claim and observe Repeat with Kelulusan Permohonan ID and observe | I12: Application has been auto release and user need to claim once again | J12: PASS | M12: YHUVAN / LUQMAN
A13: TC.TR.JIMFEEDBACK.012 | D13: Sokongan / Kelulusan - auto release | E13: SELECT * FROM sppa_env2.PRE_IDM_PROFILE; EDR_CLAIM_BY - SOKONGAN EDR_CLAIM_DT - SOKONGAN APR_CLAIM_BY - KELULUSAN APR_CLAIM_DT - KELULUSAN all of these column will not be NULL after 3 days | F13: Check on Sokongan / Kelulusan auto release afte 3 days without any action done by the user | G13: 1. Login 2. Click on Pengurusan Pengguna 3. Click on Sokongan Permohonan ID 4. Click on '…' column tindakan and click claim 5. Change the date of the application to be after 3 days after claim and observe Repeat with Kelulusan Permohonan ID and observe | I13: Application is still on user hand | J13: PASS | M13: YHUVAN / LUQMAN
A14: TC.TR.JIMFEEDBACK.013 | D14: Sokongan / Kelulusan - auto release | E14: SELECT * FROM sppa_env2.PRE_IDM_PROFILE; EDR_CLAIM_BY - SOKONGAN EDR_CLAIM_DT - SOKONGAN APR_CLAIM_BY - KELULUSAN APR_CLAIM_DT - KELULUSAN all of these column will NULL after 5 days | F14: Check on Sokongan / Kelulusan auto release after 5 days without any action done by the user | G14: 1. Login 2. Click on Pengurusan Pengguna 3. Click on Sokongan Permohonan ID 4. Click on '…' column tindakan and click claim 5. Change the date of the application to be after 5 days after claim and observe Repeat with Kelulusan Permohonan ID and observe | I14: Application has been auto release and user need to claim once again | J14: PASS | M14: YHUVAN / LUQMAN
A15: TC.TR.JIMFEEDBACK.014 | B15: #36509 | D15: Change Description JIM SECURITY ADMIN | E15: PRE_REG_IND = NULL changed it to Y for the selected role SELECT * FROM sppa_env2.IDM_USER_GROUP; | F15: Check on description for JIM SECURITY ADMIN has been change to JIM ENTRY POINT ADMIN | G15: 1. Click on daftar 2. Filled all required fills and Select JIM as Jabatan/Agensi 3. Observe the Peranan Pengguna, JIM SECURITY ADMIN must be changed to JIM ENTRY POINT ADMIN | I15: JIM SECURITY ADMIN must be changed to JIM ENTRY POINT ADMIN Kindly check in DB as well SELECT * FROM sppa_env2.IDM_USER_GROUP; | J15: PASS | M15: YHUVAN / LUQMAN
A16: TC.TR.JIMFEEDBACK.015 | D16: Create data from daftar until kelulusan | E16: JIM ADMIN JIM SECURITY ADMIN JIM OPERATOR JIM SUPERVISOR BPA ADMIN BPA HQ BPA STATE BPA BRANCH | F16: Check on data has been successfully created without error | G16: 1. Create data for OSC user one and JIM user one (Manual) 2. Create data for all JIM using automation Repeat for all JIM User | I16: Data Successfully created and can be login in without any issue | J16: PASS | M16: YHUVAN / LUQMAN

Sheet #37022
A1: Case ID | B1: Redmine User Story | C1: Tracker | D1: Scenario | E1: Pre Condition | F1: Case | G1: Steps | H1: Test Data | I1: Expected Result | J1: Result | K1: Redmine Defect | L1: Additional/Comments/Issues | M1: QA PIC | N1: =SUM(N2:N140) -> 66 | O1: =SUM(O2:O140) -> 0 | P1: =SUM(P2:P140) -> 0 | Q1: =SUM(Q2:Q140) -> 0 | R1: =SUM(R2:R140) -> 0
A2: JABATAN KDN | N2: =COUNTIF($J3:J3,"PASS") -> 1 | O2: =COUNTIF($J3:J3,"FAIL") -> 0 | P2: =COUNTBLANK(J3:J3) -> 0 | Q2: =COUNTIF($J3:J3,"IN PROGRESS") -> 0 | R2: =COUNTIF($J3:J3,"BLOCKED") -> 0
A3: TC.TR.IDM.JAWATAN.001 | B3: #37022 | C3: User Story | D3: Pendaftaran Pengguna Baru - Jawatan (Mandatory for all level) | E3: KDN ADMIN | F3: Check all Jawatan Listings in Borang Online and Pindah Lokasi Pengguna | G3: 1) Click on Pendaftaran Pengguna 2) Fill in all relevant user details. 3) Choose KDN as Jabatan 4) Verify all the jawatan for each peranaan under the respective Jabatan | I3: SETIAUSAHA BAHAGIAN SETIAUSAHA PEJABAT TIMBALAN SETIAUSAHA BAHAGIAN PEMBANTU SETIAUSAHA PEJABAT TIMBALAN SETIAUSAHA BAHAGIAN (UNIT OSC PEKERJA ASING) SETIAUSAHA PEJABAT (UNIT OSC PEKERJA ASING) KETUA PENOLONG SETIAUSAHA (UNIT OPERASI) PENOLONG SETIAUSAHA (UNIT OPERASI) PENOLONG PEGAWAI TADBIR (UNIT OPERASI) PEMBANTU OPERASI (UNIT OPERASI) | J3: PASS | M3: YHUVAN
A4: JABATAN OSC | N4: =COUNTIF($J5:J7,"PASS") -> 3 | O4: =COUNTIF($J5:J7,"FAIL") -> 0 | P4: =COUNTBLANK(J5:J7) -> 0 | Q4: =COUNTIF($J5:J7,"IN PROGRESS") -> 0 | R4: =COUNTIF($J5:J7,"BLOCKED") -> 0
A5: TC.TR.IDM.JAWATAN.002 | B5: #37022 | C5: User Story | D5: Pendaftaran Pengguna Baru - Jawatan (Mandatory for all level) | E5: OSC ADMIN | F5: Check all Jawatan Listings in Borang Online and Pindah Lokasi Pengguna | G5: 1) Click on Pendaftaran Pengguna 2) Fill in all relevant user details. 3) Choose OSC as Jabatan 4) Verify all the jawatan for each peranaan under the respective Jabatan | I5: SETIAUSAHA BAHAGIAN SETIAUSAHA PEJABAT TIMBALAN SETIAUSAHA BAHAGIAN PEMBANTU SETIAUSAHA PEJABAT TIMBALAN SETIAUSAHA BAHAGIAN (UNIT OSC PEKERJA ASING) SETIAUSAHA PEJABAT (UNIT OSC PEKERJA ASING) KETUA PENOLONG SETIAUSAHA (UNIT OPERASI) PENOLONG SETIAUSAHA (UNIT OPERASI) PENOLONG PEGAWAI TADBIR (UNIT OPERASI) PEMBANTU OPERASI (UNIT OPERASI) | J5: PASS | M5: YHUVAN
A6: TC.TR.IDM.JAWATAN.003 | D6: Pendaftaran Pengguna Baru - Jawatan (Mandatory for all level) | E6: OSC OFFICER ADMIN | F6: Check all Jawatan Listings in Borang Online and Pindah Lokasi Pengguna | G6: 1) Click on Pendaftaran Pengguna 2) Fill in all relevant user details. 3) Choose OSC as Jabatan 4) Verify all the jawatan for each peranaan under the respective Jabatan | I6: SETIAUSAHA BAHAGIAN SETIAUSAHA PEJABAT TIMBALAN SETIAUSAHA BAHAGIAN PEMBANTU SETIAUSAHA PEJABAT TIMBALAN SETIAUSAHA BAHAGIAN (UNIT OSC PEKERJA ASING) SETIAUSAHA PEJABAT (UNIT OSC PEKERJA ASING) KETUA PENOLONG SETIAUSAHA (UNIT OPERASI) PENOLONG SETIAUSAHA (UNIT OPERASI) PENOLONG PEGAWAI TADBIR (UNIT OPERASI) PEMBANTU OPERASI (UNIT OPERASI) | J6: PASS | M6: YHUVAN
A7: TC.TR.IDM.JAWATAN.004 | D7: Pendaftaran Pengguna Baru - Jawatan (Mandatory for all level) | E7: OSC PT | F7: Check all Jawatan Listings in Borang Online and Pindah Lokasi Pengguna | G7: 1) Click on Pendaftaran Pengguna 2) Fill in all relevant user details. 3) Choose OSC as Jabatan 4) Verify all the jawatan for each peranaan under the respective Jabatan | I7: SETIAUSAHA BAHAGIAN SETIAUSAHA PEJABAT TIMBALAN SETIAUSAHA BAHAGIAN PEMBANTU SETIAUSAHA PEJABAT TIMBALAN SETIAUSAHA BAHAGIAN (UNIT OSC PEKERJA ASING) SETIAUSAHA PEJABAT (UNIT OSC PEKERJA ASING) KETUA PENOLONG SETIAUSAHA (UNIT OPERASI) PENOLONG SETIAUSAHA (UNIT OPERASI) PENOLONG PEGAWAI TADBIR (UNIT OPERASI) PEMBANTU OPERASI (UNIT OPERASI) | J7: PASS | M7: YHUVAN
A8: JABATAN AKS | N8: =COUNTIF($J9:J17,"PASS") -> 9 | O8: =COUNTIF($J9:J17,"FAIL") -> 0 | P8: =COUNTBLANK(J9:J17) -> 0 | Q8: =COUNTIF($J9:J17,"IN PROGRESS") -> 0 | R8: =COUNTIF($J9:J17,"BLOCKED") -> 0
A9: TC.TR.IDM.JAWATAN.005 | B9: #37022 | C9: User Story | D9: Pendaftaran Pengguna Baru - Jawatan (Mandatory for all level) | E9: CIDB USER | F9: Check all Jawatan Listings in Borang Online and Pindah Lokasi Pengguna | G9: 1) Click on Pendaftaran Pengguna 2) Fill in all relevant user details. 3) Choose AKS as Jabatan 4) Verify all the jawatan for each peranaan under the respective Jabatan | I9: KETUA PEGAWAI EKSEKUTIF TIMBALAN KETUA PEGAWAI EKSEKUTIF PENGARAH TIMBALAN PENGARAH PENGURUS PENOLONG PENGURUS PEGAWAI TADBIR PEGAWAI CIDB PEGAWAI VERIFIKASI PENOLONG PEGAWAI TADBIR PEMBANTU TADBIR (AM / KEWANGAN) PEMBANTU OPERASI PEGAWAI KAUNTER CIDB | J9: PASS | M9: YHUVAN
A10: TC.TR.IDM.JAWATAN.006 | D10: Pendaftaran Pengguna Baru - Jawatan (Mandatory for all level) | E10: MITI USER | F10: Check all Jawatan Listings in Borang Online and Pindah Lokasi Pengguna | G10: 1) Click on Pendaftaran Pengguna 2) Fill in all relevant user details. 3) Choose AKS as Jabatan 4) Verify all the jawatan for each peranaan under the respective Jabatan | I10: PEGAWAI MITI PENGARAH TIMBALAN PENGARAH PTD PEGAWAI TEKNIKAL PEGAWAI PENTADBIRAN PEGAWAI PENGUAT KUASA | J10: PASS | M10: YHUVAN
A11: TC.TR.IDM.JAWATAN.007 | D11: Pendaftaran Pengguna Baru - Jawatan (Mandatory for all level) | E11: KPK USER | F11: Check all Jawatan Listings in Borang Online and Pindah Lokasi Pengguna | G11: 1) Click on Pendaftaran Pengguna 2) Fill in all relevant user details. 3) Choose AKS as Jabatan 4) Verify all the jawatan for each peranaan under the respective Jabatan | I11: PEGAWAI KPK PENGARAH TIMBALAN PENGARAH PTD PEGAWAI TEKNIKAL PEGAWAI PENTADBIRAN PEGAWAI PENGUAT KUASA | J11: PASS | M11: YHUVAN
A12: TC.TR.IDM.JAWATAN.008 | D12: Pendaftaran Pengguna Baru - Jawatan (Mandatory for all level) | E12: KPKM USER | F12: Check all Jawatan Listings in Borang Online and Pindah Lokasi Pengguna | G12: 1) Click on Pendaftaran Pengguna 2) Fill in all relevant user details. 3) Choose AKS as Jabatan 4) Verify all the jawatan for each peranaan under the respective Jabatan | I12: PEGAWAI KPKM PENGARAH TIMBALAN PENGARAH PTD PEGAWAI TEKNIKAL PEGAWAI PENTADBIRAN PEGAWAI PENGUAT KUASA | J12: PASS | M12: YHUVAN
A13: TC.TR.IDM.JAWATAN.009 | D13: Pendaftaran Pengguna Baru - Jawatan (Mandatory for all level) | E13: NRES USER | F13: Check all Jawatan Listings in Borang Online and Pindah Lokasi Pengguna | G13: 1) Click on Pendaftaran Pengguna 2) Fill in all relevant user details. 3) Choose AKS as Jabatan 4) Verify all the jawatan for each peranaan under the respective Jabatan | I13: PEGAWAI NRES PENGARAH TIMBALAN PENGARAH PTD PEGAWAI TEKNIKAL PEGAWAI PENTADBIRAN PEGAWAI PENGUAT KUASA | J13: PASS | M13: YHUVAN
A14: TC.TR.IDM.JAWATAN.010 | D14: Pendaftaran Pengguna Baru - Jawatan (Mandatory for all level) | E14: KPDN USER | F14: Check all Jawatan Listings in Borang Online and Pindah Lokasi Pengguna | G14: 1) Click on Pendaftaran Pengguna 2) Fill in all relevant user details. 3) Choose AKS as Jabatan 4) Verify all the jawatan for each peranaan under the respective Jabatan | I14: PEGAWAI KPDN PENGARAH TIMBALAN PENGARAH PTD PEGAWAI TEKNIKAL PEGAWAI PENTADBIRAN PEGAWAI PENGUAT KUASA | J14: PASS | M14: YHUVAN
A15: TC.TR.IDM.JAWATAN.011 | D15: Pendaftaran Pengguna Baru - Jawatan (Mandatory for all level) | E15: MOT USER | F15: Check all Jawatan Listings in Borang Online and Pindah Lokasi Pengguna | G15: 1) Click on Pendaftaran Pengguna 2) Fill in all relevant user details. 3) Choose AKS as Jabatan 4) Verify all the jawatan for each peranaan under the respective Jabatan | I15: PEGAWAI MOT PENGARAH TIMBALAN PENGARAH PTD PEGAWAI TEKNIKAL PEGAWAI PENTADBIRAN PEGAWAI PENGUAT KUASA | J15: PASS | M15: YHUVAN
A16: TC.TR.IDM.JAWATAN.012 | D16: Pendaftaran Pengguna Baru - Jawatan (Mandatory for all level) | E16: MOTAC USER | F16: Check all Jawatan Listings in Borang Online and Pindah Lokasi Pengguna | G16: 1) Click on Pendaftaran Pengguna 2) Fill in all relevant user details. 3) Choose AKS as Jabatan 4) Verify all the jawatan for each peranaan under the respective Jabatan | I16: PEGAWAI MOTAC PENGARAH TIMBALAN PENGARAH PTD PEGAWAI TEKNIKAL PEGAWAI PENTADBIRAN PEGAWAI PENGUAT KUASA | J16: PASS | M16: YHUVAN
A17: TC.TR.IDM.JAWATAN.013 | D17: Pendaftaran Pengguna Baru - Jawatan (Mandatory for all level) | E17: KDN USER | F17: Check all Jawatan Listings in Borang Online and Pindah Lokasi Pengguna | G17: 1) Click on Pendaftaran Pengguna 2) Fill in all relevant user details. 3) Choose AKS as Jabatan 4) Verify all the jawatan for each peranaan under the respective Jabatan | I17: PEGAWAI KDN PENGARAH TIMBALAN PENGARAH PTD PEGAWAI TEKNIKAL PEGAWAI PENTADBIRAN PEGAWAI PENGUAT KUASA | J17: PASS | M17: YHUVAN
A18: JABATAN JIM | N18: =COUNTIF($J19:J31,"PASS") -> 13 | O18: =COUNTIF($J19:J31,"FAIL") -> 0 | P18: =COUNTBLANK(J19:J31) -> 0 | Q18: =COUNTIF($J19:J31,"IN PROGRESS") -> 0 | R18: =COUNTIF($J19:J31,"BLOCKED") -> 0
A19: TC.TR.IDM.JAWATAN.014 | B19: #37022 | C19: User Story | D19: Pendaftaran Pengguna Baru - Jawatan (Mandatory for all level) | E19: JIM ADMIN | F19: Check all Jawatan Listings in Borang Online and Pindah Lokasi Pengguna | G19: 1) Click on Pendaftaran Pengguna 2) Fill in all relevant user details. 3) Choose JIM as Jabatan 4) Verify all the jawatan for each peranaan under the respective Jabatan | I19: PEGAWAI IMIGRESEN PENGARAH TIMBALAN PENGARAH KETUA BAHAGIAN PEGAWAI TADBIR DAN DIPLOMATIK (PTD) PEGAWAI KESELAMATAN PEGAWAI PENGUAT KUASA PEGAWAI PEMERIKSA IMIGRESEN PEGAWAI OPERASI PEGAWAI TEKNOLOGI MAKLUMAT PEGAWAI KHIDMAT PELANGGAN | J19: PASS | M19: YHUVAN
A20: TC.TR.IDM.JAWATAN.015 | D20: Pendaftaran Pengguna Baru - Jawatan (Mandatory for all level) | E20: BPA ADMIN | F20: Check all Jawatan Listings in Borang Online and Pindah Lokasi Pengguna | G20: 1) Click on Pendaftaran Pengguna 2) Fill in all relevant user details. 3) Choose JIM as Jabatan 4) Verify all the jawatan for each peranaan under the respective Jabatan | I20: PEGAWAI IMIGRESEN PENGARAH TIMBALAN PENGARAH KETUA BAHAGIAN PEGAWAI TADBIR DAN DIPLOMATIK (PTD) PEGAWAI KESELAMATAN PEGAWAI PENGUAT KUASA PEGAWAI PEMERIKSA IMIGRESEN PEGAWAI OPERASI PEGAWAI TEKNOLOGI MAKLUMAT PEGAWAI KHIDMAT PELANGGAN | J20: PASS | M20: YHUVAN
A21: TC.TR.IDM.JAWATAN.016 | D21: Pendaftaran Pengguna Baru - Jawatan (Mandatory for all level) | E21: BPA HQ | F21: Check all Jawatan Listings in Borang Online and Pindah Lokasi Pengguna | G21: 1) Click on Pendaftaran Pengguna 2) Fill in all relevant user details. 3) Choose JIM as Jabatan 4) Verify all the jawatan for each peranaan under the respective Jabatan | I21: PEGAWAI IMIGRESEN PENGARAH TIMBALAN PENGARAH KETUA BAHAGIAN PEGAWAI TADBIR DAN DIPLOMATIK (PTD) PEGAWAI KESELAMATAN PEGAWAI PENGUAT KUASA PEGAWAI PEMERIKSA IMIGRESEN PEGAWAI OPERASI PEGAWAI TEKNOLOGI MAKLUMAT PEGAWAI KHIDMAT PELANGGAN | J21: PASS | M21: YHUVAN
A22: TC.TR.IDM.JAWATAN.017 | D22: Pendaftaran Pengguna Baru - Jawatan (Mandatory for all level) | E22: BPA STATE | F22: Check all Jawatan Listings in Borang Online and Pindah Lokasi Pengguna | G22: 1) Click on Pendaftaran Pengguna 2) Fill in all relevant user details. 3) Choose JIM as Jabatan 4) Verify all the jawatan for each peranaan under the respective Jabatan | I22: PEGAWAI IMIGRESEN PENGARAH TIMBALAN PENGARAH KETUA BAHAGIAN PEGAWAI TADBIR DAN DIPLOMATIK (PTD) PEGAWAI KESELAMATAN PEGAWAI PENGUAT KUASA PEGAWAI PEMERIKSA IMIGRESEN PEGAWAI OPERASI PEGAWAI TEKNOLOGI MAKLUMAT PEGAWAI KHIDMAT PELANGGAN | J22: PASS | M22: YHUVAN
A23: TC.TR.IDM.JAWATAN.018 | D23: Pendaftaran Pengguna Baru - Jawatan (Mandatory for all level) | E23: BPA BRANCH | F23: Check all Jawatan Listings in Borang Online and Pindah Lokasi Pengguna | G23: 1) Click on Pendaftaran Pengguna 2) Fill in all relevant user details. 3) Choose JIM as Jabatan 4) Verify all the jawatan for each peranaan under the respective Jabatan | I23: PEGAWAI IMIGRESEN PENGARAH TIMBALAN PENGARAH KETUA BAHAGIAN PEGAWAI TADBIR DAN DIPLOMATIK (PTD) PEGAWAI KESELAMATAN PEGAWAI PENGUAT KUASA PEGAWAI PEMERIKSA IMIGRESEN PEGAWAI OPERASI PEGAWAI TEKNOLOGI MAKLUMAT PEGAWAI KHIDMAT PELANGGAN | J23: PASS | M23: YHUVAN
A24: TC.TR.IDM.JAWATAN.019 | D24: Pendaftaran Pengguna Baru - Jawatan (Mandatory for all level) | E24: ENFORCEMENT ADMIN | F24: Check all Jawatan Listings in Borang Online and Pindah Lokasi Pengguna | G24: 1) Click on Pendaftaran Pengguna 2) Fill in all relevant user details. 3) Choose JIM as Jabatan 4) Verify all the jawatan for each peranaan under the respective Jabatan | I24: PEGAWAI IMIGRESEN PENGARAH TIMBALAN PENGARAH KETUA BAHAGIAN PEGAWAI TADBIR DAN DIPLOMATIK (PTD) PEGAWAI KESELAMATAN PEGAWAI PENGUAT KUASA PEGAWAI PEMERIKSA IMIGRESEN PEGAWAI OPERASI PEGAWAI TEKNOLOGI MAKLUMAT PEGAWAI KHIDMAT PELANGGAN | J24: PASS | M24: YHUVAN
A25: TC.TR.IDM.JAWATAN.020 | D25: Pendaftaran Pengguna Baru - Jawatan (Mandatory for all level) | E25: ENFORCEMENT USER (PUTRAJAYA) | F25: Check all Jawatan Listings in Borang Online and Pindah Lokasi Pengguna | G25: 1) Click on Pendaftaran Pengguna 2) Fill in all relevant user details. 3) Choose JIM as Jabatan 4) Verify all the jawatan for each peranaan under the respective Jabatan | I25: PEGAWAI IMIGRESEN PENGARAH TIMBALAN PENGARAH KETUA BAHAGIAN PEGAWAI TADBIR DAN DIPLOMATIK (PTD) PEGAWAI KESELAMATAN PEGAWAI PENGUAT KUASA PEGAWAI PEMERIKSA IMIGRESEN PEGAWAI OPERASI PEGAWAI TEKNOLOGI MAKLUMAT PEGAWAI KHIDMAT PELANGGAN | J25: PASS | M25: YHUVAN
A26: TC.TR.IDM.JAWATAN.021 | D26: Pendaftaran Pengguna Baru - Jawatan (Mandatory for all level) | E26: ENFORCEMENT MOBILE ADMIN | F26: Check all Jawatan Listings in Borang Online and Pindah Lokasi Pengguna | G26: 1) Click on Pendaftaran Pengguna 2) Fill in all relevant user details. 3) Choose JIM as Jabatan 4) Verify all the jawatan for each peranaan under the respective Jabatan | I26: PEGAWAI IMIGRESEN PENGARAH TIMBALAN PENGARAH KETUA BAHAGIAN PEGAWAI TADBIR DAN DIPLOMATIK (PTD) PEGAWAI KESELAMATAN PEGAWAI PENGUAT KUASA PEGAWAI PEMERIKSA IMIGRESEN PEGAWAI OPERASI PEGAWAI TEKNOLOGI MAKLUMAT PEGAWAI KHIDMAT PELANGGAN | J26: PASS | M26: YHUVAN
A27: TC.TR.IDM.JAWATAN.022 | D27: Pendaftaran Pengguna Baru - Jawatan (Mandatory for all level) | E27: ENFORCEMENT STATE ADMIN | F27: Check all Jawatan Listings in Borang Online and Pindah Lokasi Pengguna | G27: 1) Click on Pendaftaran Pengguna 2) Fill in all relevant user details. 3) Choose JIM as Jabatan 4) Verify all the jawatan for each peranaan under the respective Jabatan | I27: PEGAWAI IMIGRESEN PENGARAH TIMBALAN PENGARAH KETUA BAHAGIAN PEGAWAI TADBIR DAN DIPLOMATIK (PTD) PEGAWAI KESELAMATAN PEGAWAI PENGUAT KUASA PEGAWAI PEMERIKSA IMIGRESEN PEGAWAI OPERASI PEGAWAI TEKNOLOGI MAKLUMAT PEGAWAI KHIDMAT PELANGGAN | J27: PASS | M27: YHUVAN
A28: TC.TR.IDM.JAWATAN.023 | D28: Pendaftaran Pengguna Baru - Jawatan (Mandatory for all level) | E28: ENFORCEMENT STATE USER | F28: Check all Jawatan Listings in Borang Online and Pindah Lokasi Pengguna | G28: 1) Click on Pendaftaran Pengguna 2) Fill in all relevant user details. 3) Choose JIM as Jabatan 4) Verify all the jawatan for each peranaan under the respective Jabatan | I28: PEGAWAI IMIGRESEN PENGARAH TIMBALAN PENGARAH KETUA BAHAGIAN PEGAWAI TADBIR DAN DIPLOMATIK (PTD) PEGAWAI KESELAMATAN PEGAWAI PENGUAT KUASA PEGAWAI PEMERIKSA IMIGRESEN PEGAWAI OPERASI PEGAWAI TEKNOLOGI MAKLUMAT PEGAWAI KHIDMAT PELANGGAN | J28: PASS | M28: YHUVAN
A29: TC.TR.IDM.JAWATAN.024 | D29: Pendaftaran Pengguna Baru - Jawatan (Mandatory for all level) | E29: JIM ENTRY POINT ADMIN | F29: Check all Jawatan Listings in Borang Online and Pindah Lokasi Pengguna | G29: 1) Click on Pendaftaran Pengguna 2) Fill in all relevant user details. 3) Choose JIM as Jabatan 4) Verify all the jawatan for each peranaan under the respective Jabatan | I29: PEGAWAI IMIGRESEN PENGARAH TIMBALAN PENGARAH KETUA BAHAGIAN PEGAWAI TADBIR DAN DIPLOMATIK (PTD) PEGAWAI KESELAMATAN PEGAWAI PENGUAT KUASA PEGAWAI PEMERIKSA IMIGRESEN PEGAWAI OPERASI PEGAWAI TEKNOLOGI MAKLUMAT PEGAWAI KHIDMAT PELANGGAN | J29: PASS | M29: YHUVAN
A30: TC.TR.IDM.JAWATAN.025 | D30: Pendaftaran Pengguna Baru - Jawatan (Mandatory for all level) | E30: JIM SUPERVISOR | F30: Check all Jawatan Listings in Borang Online and Pindah Lokasi Pengguna | G30: 1) Click on Pendaftaran Pengguna 2) Fill in all relevant user details. 3) Choose JIM as Jabatan 4) Verify all the jawatan for each peranaan under the respective Jabatan | I30: PEGAWAI IMIGRESEN PENGARAH TIMBALAN PENGARAH KETUA BAHAGIAN PEGAWAI TADBIR DAN DIPLOMATIK (PTD) PEGAWAI KESELAMATAN PEGAWAI PENGUAT KUASA PEGAWAI PEMERIKSA IMIGRESEN PEGAWAI OPERASI PEGAWAI TEKNOLOGI MAKLUMAT PEGAWAI KHIDMAT PELANGGAN | J30: PASS | M30: YHUVAN
A31: TC.TR.IDM.JAWATAN.026 | D31: Pendaftaran Pengguna Baru - Jawatan (Mandatory for all level) | E31: JIM OPERATOR | F31: Check all Jawatan Listings in Borang Online and Pindah Lokasi Pengguna | G31: 1) Click on Pendaftaran Pengguna 2) Fill in all relevant user details. 3) Choose JIM as Jabatan 4) Verify all the jawatan for each peranaan under the respective Jabatan | I31: PEGAWAI IMIGRESEN PENGARAH TIMBALAN PENGARAH KETUA BAHAGIAN PEGAWAI TADBIR DAN DIPLOMATIK (PTD) PEGAWAI KESELAMATAN PEGAWAI PENGUAT KUASA PEGAWAI PEMERIKSA IMIGRESEN PEGAWAI OPERASI PEGAWAI TEKNOLOGI MAKLUMAT PEGAWAI KHIDMAT PELANGGAN | J31: PASS | M31: YHUVAN
A32: JABATAN KDNKK | N32: =COUNTIF($J33:J40,"PASS") -> 8 | O32: =COUNTIF($J33:J40,"FAIL") -> 0 | P32: =COUNTBLANK(J33:J40) -> 0 | Q32: =COUNTIF($J33:J40,"IN PROGRESS") -> 0 | R32: =COUNTIF($J33:J40,"BLOCKED") -> 0
A33: TC.TR.IDM.JAWATAN.027 | B33: #37022 | C33: User Story | D33: Pendaftaran Pengguna Baru - Jawatan (Mandatory for all level) | E33: KDN SECURITY ADMIN | F33: Check all Jawatan Listings in Borang Online and Pindah Lokasi Pengguna | G33: 1) Click on Pendaftaran Pengguna 2) Fill in all relevant user details. 3) Choose KDNKK as Jabatan 4) Verify all the jawatan for each peranaan under the respective Jabatan | I33: PEGAWAI KDN PEGAWAI KESELAMATAN PENGARAH TIMBALAN PENGARAH KETUA BAHAGIAN PEGAWAI TADBIR DAN DIPLOMATIK (PTD) PEGAWAI PENGUAT KUASA PEGAWAI PENYIASAT PEGAWAI OPERASI PEGAWAI TEKNOLOGI MAKLUMAT | J33: PASS | M33: YHUVAN
A34: TC.TR.IDM.JAWATAN.028 | D34: Pendaftaran Pengguna Baru - Jawatan (Mandatory for all level) | E34: KDN SECURITY OPERATOR | F34: Check all Jawatan Listings in Borang Online and Pindah Lokasi Pengguna | G34: 1) Click on Pendaftaran Pengguna 2) Fill in all relevant user details. 3) Choose KDNKK as Jabatan 4) Verify all the jawatan for each peranaan under the respective Jabatan | I34: PEGAWAI KDN PEGAWAI KESELAMATAN PENGARAH TIMBALAN PENGARAH KETUA BAHAGIAN PEGAWAI TADBIR DAN DIPLOMATIK (PTD) PEGAWAI PENGUAT KUASA PEGAWAI PENYIASAT PEGAWAI OPERASI PEGAWAI TEKNOLOGI MAKLUMAT | J34: PASS | M34: YHUVAN
A35: TC.TR.IDM.JAWATAN.029 | D35: Pendaftaran Pengguna Baru - Jawatan (Mandatory for all level) | E35: KDNKK APPROVER | F35: Check all Jawatan Listings in Borang Online and Pindah Lokasi Pengguna | G35: 1) Click on Pendaftaran Pengguna 2) Fill in all relevant user details. 3) Choose KDNKK as Jabatan 4) Verify all the jawatan for each peranaan under the respective Jabatan | I35: PEGAWAI KDN PEGAWAI KESELAMATAN PENGARAH TIMBALAN PENGARAH KETUA BAHAGIAN PEGAWAI TADBIR DAN DIPLOMATIK (PTD) PEGAWAI PENGUAT KUASA PEGAWAI PENYIASAT PEGAWAI OPERASI PEGAWAI TEKNOLOGI MAKLUMAT | J35: PASS | M35: YHUVAN
A36: TC.TR.IDM.JAWATAN.030 | D36: Pendaftaran Pengguna Baru - Jawatan (Mandatory for all level) | E36: KDNKK OPERATOR | F36: Check all Jawatan Listings in Borang Online and Pindah Lokasi Pengguna | G36: 1) Click on Pendaftaran Pengguna 2) Fill in all relevant user details. 3) Choose KDNKK as Jabatan 4) Verify all the jawatan for each peranaan under the respective Jabatan | I36: PEGAWAI KDN PEGAWAI KESELAMATAN PENGARAH TIMBALAN PENGARAH KETUA BAHAGIAN PEGAWAI TADBIR DAN DIPLOMATIK (PTD) PEGAWAI PENGUAT KUASA PEGAWAI PENYIASAT PEGAWAI OPERASI PEGAWAI TEKNOLOGI MAKLUMAT | J36: PASS | K36: #38148 | L36: KDNKK operator option is not available in Borang Online dropdown Waiting for Kak Ain to confirm | M36: YHUVAN
A37: TC.TR.IDM.JAWATAN.031 | D37: Pendaftaran Pengguna Baru - Jawatan (Mandatory for all level) | E37: KDNKK APPROVER AND OPERATOR | F37: Check all Jawatan Listings in Borang Online and Pindah Lokasi Pengguna | G37: 1) Click on Pendaftaran Pengguna 2) Fill in all relevant user details. 3) Choose KDNKK as Jabatan 4) Verify all the jawatan for each peranaan under the respective Jabatan | I37: PEGAWAI KDN PEGAWAI KESELAMATAN PENGARAH TIMBALAN PENGARAH KETUA BAHAGIAN PEGAWAI TADBIR DAN DIPLOMATIK (PTD) PEGAWAI PENGUAT KUASA PEGAWAI PENYIASAT PEGAWAI OPERASI PEGAWAI TEKNOLOGI MAKLUMAT | J37: PASS | M37: YHUVAN
A38: TC.TR.IDM.JAWATAN.032 | D38: Pendaftaran Pengguna Baru - Jawatan (Mandatory for all level) | E38: KDNKK SUPERSIVOR | F38: Check all Jawatan Listings in Borang Online and Pindah Lokasi Pengguna | G38: 1) Click on Pendaftaran Pengguna 2) Fill in all relevant user details. 3) Choose KDNKK as Jabatan 4) Verify all the jawatan for each peranaan under the respective Jabatan | I38: PEGAWAI KDN PEGAWAI KESELAMATAN PENGARAH TIMBALAN PENGARAH KETUA BAHAGIAN PEGAWAI TADBIR DAN DIPLOMATIK (PTD) PEGAWAI PENGUAT KUASA PEGAWAI PENYIASAT PEGAWAI OPERASI PEGAWAI TEKNOLOGI MAKLUMAT | J38: PASS | M38: YHUVAN
A39: TC.TR.IDM.JAWATAN.033 | D39: Pendaftaran Pengguna Baru - Jawatan (Mandatory for all level) | E39: KDNKK VERIFIER | F39: Check all Jawatan Listings in Borang Online and Pindah Lokasi Pengguna | G39: 1) Click on Pendaftaran Pengguna 2) Fill in all relevant user details. 3) Choose KDNKK as Jabatan 4) Verify all the jawatan for each peranaan under the respective Jabatan | I39: PEGAWAI KDN PEGAWAI KESELAMATAN PENGARAH TIMBALAN PENGARAH KETUA BAHAGIAN PEGAWAI TADBIR DAN DIPLOMATIK (PTD) PEGAWAI PENGUAT KUASA PEGAWAI PENYIASAT PEGAWAI OPERASI PEGAWAI TEKNOLOGI MAKLUMAT | J39: PASS | M39: YHUVAN
A40: TC.TR.IDM.JAWATAN.034 | D40: Pendaftaran Pengguna Baru - Jawatan (Mandatory for all level) | E40: KDNKK EQM APPROVER | F40: Check all Jawatan Listings in Borang Online and Pindah Lokasi Pengguna | G40: 1) Click on Pendaftaran Pengguna 2) Fill in all relevant user details. 3) Choose KDNKK as Jabatan 4) Verify all the jawatan for each peranaan under the respective Jabatan | I40: PEGAWAI KDN PEGAWAI KESELAMATAN PENGARAH TIMBALAN PENGARAH KETUA BAHAGIAN PEGAWAI TADBIR DAN DIPLOMATIK (PTD) PEGAWAI PENGUAT KUASA PEGAWAI PENYIASAT PEGAWAI OPERASI PEGAWAI TEKNOLOGI MAKLUMAT | J40: PASS | M40: YHUVAN
A41: JABATAN JTKSM | N41: =COUNTIF($J42:J64,"PASS") -> 23 | O41: =COUNTIF($J42:J64,"FAIL") -> 0 | P41: =COUNTBLANK(J42:J64) -> 0 | Q41: =COUNTIF($J42:J64,"IN PROGRESS") -> 0 | R41: =COUNTIF($J42:J64,"BLOCKED") -> 0
A42: TC.TR.IDM.JAWATAN.035 | B42: #37022 | C42: User Story | D42: Pendaftaran Pengguna Baru - Jawatan (Mandatory for all level) | E42: KESUMA ADMIN | F42: Check all Jawatan Listings in Borang Online and Pindah Lokasi Pengguna | G42: 1) Click on Pendaftaran Pengguna 2) Fill in all relevant user details. 3) Choose JTKSM as Jabatan 4) Verify all the jawatan for each peranaan under the respective Jabatan | I42: KETUA PEJABAT PENOLONG PENGARAH TENAGA KERJA KANAN PENOLONG PENGARAH KANAN KPP PPTKK PPP PEGAWAI PERHUBUNGAN PERUSAHAAN TIMBALAN PENGARAH NEGERI PENOLONG PENGARAH KANAN TENAGA KERJA PEN. PENGARAH JTK KANAN | J42: PASS | M42: YHUVAN
A43: TC.TR.IDM.JAWATAN.036 | D43: Pendaftaran Pengguna Baru - Jawatan (Mandatory for all level) | E43: PENTADBIR ID DAN PEGAWAI BAHAGIAN PEKERJA ASING | F43: Check all Jawatan Listings in Borang Online and Pindah Lokasi Pengguna | G43: 1) Click on Pendaftaran Pengguna 2) Fill in all relevant user details. 3) Choose JTKSM as Jabatan 4) Verify all the jawatan for each peranaan under the respective Jabatan | I43: KETUA PEJABAT PENOLONG PENGARAH TENAGA KERJA KANAN PENOLONG PENGARAH KANAN KPP PPTKK PPP PEGAWAI PERHUBUNGAN PERUSAHAAN TIMBALAN PENGARAH NEGERI PENOLONG PENGARAH KANAN TENAGA KERJA PEN. PENGARAH JTK KANAN | J43: PASS | M43: YHUVAN
A44: TC.TR.IDM.JAWATAN.037 | D44: Pendaftaran Pengguna Baru - Jawatan (Mandatory for all level) | E44: PENTADBIR ID (JTKSM) | F44: Check all Jawatan Listings in Borang Online and Pindah Lokasi Pengguna | G44: 1) Click on Pendaftaran Pengguna 2) Fill in all relevant user details. 3) Choose JTKSM as Jabatan 4) Verify all the jawatan for each peranaan under the respective Jabatan | I44: KETUA PEJABAT PENOLONG PENGARAH TENAGA KERJA KANAN PENOLONG PENGARAH KANAN KPP PPTKK PPP PEGAWAI PERHUBUNGAN PERUSAHAAN TIMBALAN PENGARAH NEGERI PENOLONG PENGARAH KANAN TENAGA KERJA PEN. PENGARAH JTK KANAN | J44: PASS | M44: YHUVAN
A45: TC.TR.IDM.JAWATAN.038 | D45: Pendaftaran Pengguna Baru - Jawatan (Mandatory for all level) | E45: PENGARAH BAHAGIAN PEKERJA ASING | F45: Check all Jawatan Listings in Borang Online and Pindah Lokasi Pengguna | G45: 1) Click on Pendaftaran Pengguna 2) Fill in all relevant user details. 3) Choose JTKSM as Jabatan 4) Verify all the jawatan for each peranaan under the respective Jabatan | I45: KETUA PEJABAT PENOLONG PENGARAH TENAGA KERJA KANAN PENOLONG PENGARAH KANAN KPP PPTKK PPP PEGAWAI PERHUBUNGAN PERUSAHAAN TIMBALAN PENGARAH NEGERI PENOLONG PENGARAH KANAN TENAGA KERJA PEN. PENGARAH JTK KANAN | J45: PASS | M45: YHUVAN
A46: TC.TR.IDM.JAWATAN.039 | D46: Pendaftaran Pengguna Baru - Jawatan (Mandatory for all level) | E46: PEGAWAI BAHAGIAN PEKERJA ASING | F46: Check all Jawatan Listings in Borang Online and Pindah Lokasi Pengguna | G46: 1) Click on Pendaftaran Pengguna 2) Fill in all relevant user details. 3) Choose JTKSM as Jabatan 4) Verify all the jawatan for each peranaan under the respective Jabatan | I46: KETUA PEJABAT PENOLONG PENGARAH TENAGA KERJA KANAN PENOLONG PENGARAH KANAN KPP PPTKK PPP PEGAWAI PERHUBUNGAN PERUSAHAAN TIMBALAN PENGARAH NEGERI PENOLONG PENGARAH KANAN TENAGA KERJA PEN. PENGARAH JTK KANAN | J46: PASS | M46: YHUVAN
A47: TC.TR.IDM.JAWATAN.040 | D47: Pendaftaran Pengguna Baru - Jawatan (Mandatory for all level) | E47: PENGARAH BAHAGIAN STANDARD PERBURUHAN | F47: Check all Jawatan Listings in Borang Online and Pindah Lokasi Pengguna | G47: 1) Click on Pendaftaran Pengguna 2) Fill in all relevant user details. 3) Choose JTKSM as Jabatan 4) Verify all the jawatan for each peranaan under the respective Jabatan | I47: KETUA PEJABAT PENOLONG PENGARAH TENAGA KERJA KANAN PENOLONG PENGARAH KANAN KPP PPTKK PPP PEGAWAI PERHUBUNGAN PERUSAHAAN TIMBALAN PENGARAH NEGERI PENOLONG PENGARAH KANAN TENAGA KERJA PEN. PENGARAH JTK KANAN | J47: PASS | M47: YHUVAN
A48: TC.TR.IDM.JAWATAN.041 | D48: Pendaftaran Pengguna Baru - Jawatan (Mandatory for all level) | E48: PEGAWAI BAHAGIAN STANDARD PERBURUHAN | F48: Check all Jawatan Listings in Borang Online and Pindah Lokasi Pengguna | G48: 1) Click on Pendaftaran Pengguna 2) Fill in all relevant user details. 3) Choose JTKSM as Jabatan 4) Verify all the jawatan for each peranaan under the respective Jabatan | I48: KETUA PEJABAT PENOLONG PENGARAH TENAGA KERJA KANAN PENOLONG PENGARAH KANAN KPP PPTKK PPP PEGAWAI PERHUBUNGAN PERUSAHAAN TIMBALAN PENGARAH NEGERI PENOLONG PENGARAH KANAN TENAGA KERJA PEN. PENGARAH JTK KANAN | J48: PASS | M48: YHUVAN
A49: TC.TR.IDM.JAWATAN.042 | D49: Pendaftaran Pengguna Baru - Jawatan (Mandatory for all level) | E49: PENGARAH JTK NEGERI | F49: Check all Jawatan Listings in Borang Online and Pindah Lokasi Pengguna | G49: 1) Click on Pendaftaran Pengguna 2) Fill in all relevant user details. 3) Choose JTKSM as Jabatan 4) Verify all the jawatan for each peranaan under the respective Jabatan | I49: KETUA PEJABAT PENOLONG PENGARAH TENAGA KERJA KANAN PENOLONG PENGARAH KANAN KPP PPTKK PPP PEGAWAI PERHUBUNGAN PERUSAHAAN TIMBALAN PENGARAH NEGERI PENOLONG PENGARAH KANAN TENAGA KERJA PEN. PENGARAH JTK KANAN | J49: PASS | M49: YHUVAN
A50: TC.TR.IDM.JAWATAN.043 | D50: Pendaftaran Pengguna Baru - Jawatan (Mandatory for all level) | E50: PERSON IN CHARGE (PIC) NEGERI | F50: Check all Jawatan Listings in Borang Online and Pindah Lokasi Pengguna | G50: 1) Click on Pendaftaran Pengguna 2) Fill in all relevant user details. 3) Choose JTKSM as Jabatan 4) Verify all the jawatan for each peranaan under the respective Jabatan | I50: KETUA PEJABAT PENOLONG PENGARAH TENAGA KERJA KANAN PENOLONG PENGARAH KANAN KPP PPTKK PPP PEGAWAI PERHUBUNGAN PERUSAHAAN TIMBALAN PENGARAH NEGERI PENOLONG PENGARAH KANAN TENAGA KERJA PEN. PENGARAH JTK KANAN | J50: PASS | M50: YHUVAN
A51: TC.TR.IDM.JAWATAN.044 | D51: Pendaftaran Pengguna Baru - Jawatan (Mandatory for all level) | E51: KETUA PEJABAT | F51: Check all Jawatan Listings in Borang Online and Pindah Lokasi Pengguna | G51: 1) Click on Pendaftaran Pengguna 2) Fill in all relevant user details. 3) Choose JTKSM as Jabatan 4) Verify all the jawatan for each peranaan under the respective Jabatan | I51: KETUA PEJABAT PENOLONG PENGARAH TENAGA KERJA KANAN PENOLONG PENGARAH KANAN KPP PPTKK PPP PEGAWAI PERHUBUNGAN PERUSAHAAN TIMBALAN PENGARAH NEGERI PENOLONG PENGARAH KANAN TENAGA KERJA PEN. PENGARAH JTK KANAN | J51: PASS | M51: YHUVAN
A52: TC.TR.IDM.JAWATAN.045 | D52: Pendaftaran Pengguna Baru - Jawatan (Mandatory for all level) | E52: PEGAWAI PENYIASAT FWE & WFW | F52: Check all Jawatan Listings in Borang Online and Pindah Lokasi Pengguna | G52: 1) Click on Pendaftaran Pengguna 2) Fill in all relevant user details. 3) Choose JTKSM as Jabatan 4) Verify all the jawatan for each peranaan under the respective Jabatan | I52: KETUA PEJABAT PENOLONG PENGARAH TENAGA KERJA KANAN PENOLONG PENGARAH KANAN KPP PPTKK PPP PEGAWAI PERHUBUNGAN PERUSAHAAN TIMBALAN PENGARAH NEGERI PENOLONG PENGARAH KANAN TENAGA KERJA PEN. PENGARAH JTK KANAN | J52: PASS | M52: YHUVAN
A53: TC.TR.IDM.JAWATAN.046 | D53: Pendaftaran Pengguna Baru - Jawatan (Mandatory for all level) | E53: PEGAWAI PENYIASAT FWE | F53: Check all Jawatan Listings in Borang Online and Pindah Lokasi Pengguna | G53: 1) Click on Pendaftaran Pengguna 2) Fill in all relevant user details. 3) Choose JTKSM as Jabatan 4) Verify all the jawatan for each peranaan under the respective Jabatan | I53: KETUA PEJABAT PENOLONG PENGARAH TENAGA KERJA KANAN PENOLONG PENGARAH KANAN KPP PPTKK PPP PEGAWAI PERHUBUNGAN PERUSAHAAN TIMBALAN PENGARAH NEGERI PENOLONG PENGARAH KANAN TENAGA KERJA PEN. PENGARAH JTK KANAN | J53: PASS | M53: YHUVAN
A54: TC.TR.IDM.JAWATAN.047 | D54: Pendaftaran Pengguna Baru - Jawatan (Mandatory for all level) | E54: PEGAWAI PENYIASAT WFW | F54: Check all Jawatan Listings in Borang Online and Pindah Lokasi Pengguna | G54: 1) Click on Pendaftaran Pengguna 2) Fill in all relevant user details. 3) Choose JTKSM as Jabatan 4) Verify all the jawatan for each peranaan under the respective Jabatan | I54: KETUA PEJABAT PENOLONG PENGARAH TENAGA KERJA KANAN PENOLONG PENGARAH KANAN KPP PPTKK PPP PEGAWAI PERHUBUNGAN PERUSAHAAN TIMBALAN PENGARAH NEGERI PENOLONG PENGARAH KANAN TENAGA KERJA PEN. PENGARAH JTK KANAN | J54: PASS | M54: YHUVAN
... A64: TC.TR.IDM.JAWATAN.057 | D64: Pendaftaran Pengguna Baru - Jawatan (Mandatory for all level) | E64: KSM MENTERI | F64: Check all Jawatan Listings in Borang Online and Pindah Lokasi Pengguna | G64: 1) Click on Pendaftaran Pengguna 2) Fill in all relevant user details. 3) Choose JTKSM as Jabatan 4) Verify all the jawatan for each peranaan under the respective Jabatan | I64: KETUA PEJABAT PENOLONG PENGARAH TENAGA KERJA KANAN PENOLONG PENGARAH KANAN KPP PPTKK PPP PEGAWAI PERHUBUNGAN PERUSAHAAN TIMBALAN PENGARAH NEGERI PENOLONG PENGARAH KANAN TENAGA KERJA PEN. PENGARAH JTK KANAN | J64: PASS | M64: YHUVAN
A65: JABATAN PERKESO | N65: =COUNTIF($J66:J70,"PASS") -> 5 | O65: =COUNTIF($J66:J70,"FAIL") -> 0 | P65: =COUNTBLANK(J66:J70) -> 0 | Q65: =COUNTIF($J66:J70,"IN PROGRESS") -> 0 | R65: =COUNTIF($J66:J70,"BLOCKED") -> 0
A66: TC.TR.IDM.JAWATAN.058 | B66: #37022 | C66: User Story | D66: Pendaftaran Pengguna Baru - Jawatan (Mandatory for all level) | E66: PENTADBIR ID PERKESO | F66: Check all Jawatan Listings in Borang Online and Pindah Lokasi Pengguna | G66: 1) Click on Pendaftaran Pengguna 2) Fill in all relevant user details. 3) Choose PERKESO as Jabatan 4) Verify all the jawatan for each peranaan under the respective Jabatan | I66: KETUA PEGAWAI EKSEKUTIF TIMBALAN KETUA PEGAWAI EKSEKUTIF PENGARAH TIMBALAN PENGARAH PEGAWAI TADBIR PEGAWAI SUMBER MANUSIA PEGAWAI PERKESO PEGAWAI PEMERIKSA / PEGAWAI PENYIASAT PENOLONG PEGAWAI TADBIR PENOLONG PEGAWAI KESELAMATAN SOSIAL PEMBANTU TADBIR (AM / KEWANGAN) PEMBANTU OPERASI KERANI PEGAWAI KAUNTER PERKESO | J66: PASS | M66: YHUVAN
A67: TC.TR.IDM.JAWATAN.059 | D67: Pendaftaran Pengguna Baru - Jawatan (Mandatory for all level) | E67: PERKESO – ADMIN | F67: Check all Jawatan Listings in Borang Online and Pindah Lokasi Pengguna | G67: 1) Click on Pendaftaran Pengguna 2) Fill in all relevant user details. 3) Choose PERKESO as Jabatan 4) Verify all the jawatan for each peranaan under the respective Jabatan | I67: KETUA PEGAWAI EKSEKUTIF TIMBALAN KETUA PEGAWAI EKSEKUTIF PENGARAH TIMBALAN PENGARAH PEGAWAI TADBIR PEGAWAI SUMBER MANUSIA PEGAWAI PERKESO PEGAWAI PEMERIKSA / PEGAWAI PENYIASAT PENOLONG PEGAWAI TADBIR PENOLONG PEGAWAI KESELAMATAN SOSIAL PEMBANTU TADBIR (AM / KEWANGAN) PEMBANTU OPERASI KERANI PEGAWAI KAUNTER PERKESO | J67: PASS | M67: YHUVAN
A68: TC.TR.IDM.JAWATAN.060 | D68: Pendaftaran Pengguna Baru - Jawatan (Mandatory for all level) | E68: PERKESO ADMIN USER | F68: Check all Jawatan Listings in Borang Online and Pindah Lokasi Pengguna | G68: 1) Click on Pendaftaran Pengguna 2) Fill in all relevant user details. 3) Choose PERKESO as Jabatan 4) Verify all the jawatan for each peranaan under the respective Jabatan | I68: KETUA PEGAWAI EKSEKUTIF TIMBALAN KETUA PEGAWAI EKSEKUTIF PENGARAH TIMBALAN PENGARAH PEGAWAI TADBIR PEGAWAI SUMBER MANUSIA PEGAWAI PERKESO PEGAWAI PEMERIKSA / PEGAWAI PENYIASAT PENOLONG PEGAWAI TADBIR PENOLONG PEGAWAI KESELAMATAN SOSIAL PEMBANTU TADBIR (AM / KEWANGAN) PEMBANTU OPERASI KERANI PEGAWAI KAUNTER PERKESO | J68: PASS | M68: YHUVAN
A69: TC.TR.IDM.JAWATAN.061 | D69: Pendaftaran Pengguna Baru - Jawatan (Mandatory for all level) | E69: PERKESO STATE ADMIN | F69: Check all Jawatan Listings in Borang Online and Pindah Lokasi Pengguna | G69: 1) Click on Pendaftaran Pengguna 2) Fill in all relevant user details. 3) Choose PERKESO as Jabatan 4) Verify all the jawatan for each peranaan under the respective Jabatan | I69: KETUA PEGAWAI EKSEKUTIF TIMBALAN KETUA PEGAWAI EKSEKUTIF PENGARAH TIMBALAN PENGARAH PEGAWAI TADBIR PEGAWAI SUMBER MANUSIA PEGAWAI PERKESO PEGAWAI PEMERIKSA / PEGAWAI PENYIASAT PENOLONG PEGAWAI TADBIR PENOLONG PEGAWAI KESELAMATAN SOSIAL PEMBANTU TADBIR (AM / KEWANGAN) PEMBANTU OPERASI KERANI PEGAWAI KAUNTER PERKESO | J69: PASS | M69: YHUVAN
A70: TC.TR.IDM.JAWATAN.062 | D70: Pendaftaran Pengguna Baru - Jawatan (Mandatory for all level) | E70: PERKESO STATE USER | F70: Check all Jawatan Listings in Borang Online and Pindah Lokasi Pengguna | G70: 1) Click on Pendaftaran Pengguna 2) Fill in all relevant user details. 3) Choose PERKESO as Jabatan 4) Verify all the jawatan for each peranaan under the respective Jabatan | I70: KETUA PEGAWAI EKSEKUTIF TIMBALAN KETUA PEGAWAI EKSEKUTIF PENGARAH TIMBALAN PENGARAH PEGAWAI TADBIR PEGAWAI SUMBER MANUSIA PEGAWAI PERKESO PEGAWAI PEMERIKSA / PEGAWAI PENYIASAT PENOLONG PEGAWAI TADBIR PENOLONG PEGAWAI KESELAMATAN SOSIAL PEMBANTU TADBIR (AM / KEWANGAN) PEMBANTU OPERASI KERANI PEGAWAI KAUNTER PERKESO | J70: PASS | M70: YHUVAN
A71: IDM - Aktiviti Terkini | N71: =COUNTIF($J72:J73,"PASS") -> 2 | O71: =COUNTIF($J72:J73,"FAIL") -> 0 | P71: =COUNTBLANK(J72:J73) -> 0 | Q71: =COUNTIF($J72:J73,"IN PROGRESS") -> 0 | R71: =COUNTIF($J72:J73,"BLOCKED") -> 0
A72: TC.TR.IDM.JAWATAN.063 | B72: #37537 #37466 | C72: User Story | D72: IDM - ID endoresement | E72: User Role : 1. KDN ADMIN 2. KDN SECURITY ADMIN 3. JIM ADMIN 4. OSC ADMIN 5. JIM ENTRY POINT ADMIN 6. ENFORCEMENT ADMIN 7. BPA ADMIN 8. OSC OFFICER ADMIN 9. BPA_STATE 10. ENFORCEMENT STATE ADMIN | F72: Verify Recent Activity updated for ID endorsement | I72: Recent Activity at Homepage updated | J72: PASS | K72: #38287 | M72: YHUVAN
A73: TC.TR.IDM.JAWATAN.064 | D73: IDM - ID Approval | E73: User Role : 1. KDN ADMIN 2. KDN SECURITY ADMIN 3. JIM ADMIN 4. OSC ADMIN 5. ENFORCEMENT ADMIN 7. BPA ADMIN | F73: Verify Recent Activity updated for ID Approval | J73: PASS | K73: #38287 | M73: YHUVAN
A74: EMAIL - KESUMA ADMIN & KDN ADMIN | N74: =COUNTIF($J75:J76,"PASS") -> 2 | O74: =COUNTIF($J75:J76,"FAIL") -> 0 | P74: =COUNTBLANK(J75:J76) -> 0 | Q74: =COUNTIF($J75:J76,"IN PROGRESS") -> 0
A75: TC.TR.IDM.JAWATAN.065 | B75: #38273 | C75: User Story | D75: New Email Template | E75: User role : Kesuma Admin | F75: Verify email for Kesuma Admin is updated from Sokongan to kelulusan only after user has been aprroved in internal portal | I75: Email updated as in the new template | J75: PASS | K75: #38302 | M75: YHUVAN
A76: TC.TR.IDM.JAWATAN.066 | B76: #38273 | C76: User Story | D76: New Email Template | E76: User role : KDN Admin | F76: Verify email for KDN Admin is updated from Sokongan to kelulusan only after user has been aprroved in internal portal | J76: PASS | K76: #38302 | M76: YHUVAN

Sheet IDM - KDNK
A1: Case ID | B1: Redmine User Story | C1: Tracker | D1: Scenario | E1: Pre Condition | F1: Case | G1: Steps | H1: Test Data | I1: Expected Result | J1: Result | K1: Redmine Defect | L1: Additional/Comments/Issues | M1: QA PIC | N1: =SUM(N2:N118) -> 100 | O1: =SUM(O2:O118) -> 0 | P1: =SUM(P2:P118) -> 0 | Q1: =SUM(Q2:Q118) -> 0 | R1: =SUM(R2:R118) -> 0
A2: Pendaftaran Pengguna Baharu | N2: =COUNTIF($J3:J67,"PASS") -> 65 | O2: =COUNTIF($J3:J67,"FAIL") -> 0 | P2: =COUNTBLANK(J3:J67) -> 0 | Q2: =COUNTIF($J3:J67,"IN PROGRESS") -> 0 | R2: =COUNTIF($J3:J67,"BLOCKED") -> 0
A3: TC.TR.IDM.001 | B3: #37022 #37057 | C3: User Story | D3: Pendaftaran Pengguna Baru | F3: Check All labels & Links | I3: 1. Redirect to Registration Screen when click "Daftar" 2. Display All labels as per requirement 3. Menu Mengurus Pengguna has been changed to Pengurusan Pengguna | J3: PASS | L3: KDN Security Operator - PASS KDNKK Approver - PASS KDNKK APPROVER AND OPERATOR - PASS KDNK SUPERVISOR - PASS KDNKK VERIFIER - PASS KDNKK EQM APPROVER - PASS KDNKK OPERATOR - PASS KDNKK SECURITY ADMIN - PASS | M3: YHUVAN / LUQMAN
A4: TC.TR.IDM.002 | D4: Pendaftaran Pengguna Baru - Zon Lokasi (Mandatory for all level) | E4: 1. Details save in PRE_IDM_PROFILE 2. Able to register user: | F4: Verify default selection | I4: 1. Default display placeholder "Semenanjung Malaysia" 2. Option: Semenanjung Malaysia Sabah Sarawak | J4: PASS | L4: KDN Security Operator - PASS KDNKK Approver - PASS KDNKK APPROVER AND OPERATOR - PASS KDNK SUPERVISOR - PASS KDNKK VERIFIER - PASS KDNKK EQM APPROVER - PASS KDNKK OPERATOR - PASS KDNKK SECURITY ADMIN - PASS | M4: YHUVAN / LUQMAN
A5: TC.TR.IDM.003 | F5: Check for duplicate selection | I5: Selection list should not have duplicates | J5: PASS | L5: KDN Security Operator - PASS KDNKK Approver - PASS KDNKK APPROVER AND OPERATOR - PASS KDNK SUPERVISOR - PASS KDNKK VERIFIER - PASS KDNKK EQM APPROVER - PASS KDNKK OPERATOR - PASS KDNKK SECURITY ADMIN - PASS | M5: YHUVAN / LUQMAN
A6: TC.TR.IDM.004 | F6: Check selection labels | I6: Selection list should be standardized (check uppercase/lowercase or unrelated symbols) | J6: PASS | L6: KDN Security Operator - PASS KDNKK Approver - PASS KDNKK APPROVER AND OPERATOR - PASS KDNK SUPERVISOR - PASS KDNKK VERIFIER - PASS KDNKK EQM APPROVER - PASS KDNKK OPERATOR - PASS KDNKK SECURITY ADMIN - PASS | M6: YHUVAN / LUQMAN
A7: TC.TR.IDM.005 | F7: Select from dropdown list | I7: Selected value should be displayed in field | J7: PASS | L7: KDN Security Operator - PASS KDNKK Approver - PASS KDNKK APPROVER AND OPERATOR - PASS KDNK SUPERVISOR - PASS KDNKK VERIFIER - PASS KDNKK EQM APPROVER - PASS KDNKK OPERATOR - PASS KDNKK SECURITY ADMIN - PASS | M7: YHUVAN / LUQMAN
A8: TC.TR.IDM.006 | D8: Pendaftaran Pengguna Baru - Agensi Kerajaan (Mandatory for all level) | F8: Verify default selection | I8: 1. Default display placeholder "- Sila Pilih -" 2. Option: KEMENTERIAN DALAM NEGERI ONE STOP CENTRE (OSC) AGENSI KAWAL SELIA (AKS) JABATAN IMIGRESEN MALAYSIA (JIM) KEMENTERIAN DALAM NEGERI - KESELAMATAN (KDNKK) KEMENTERIAN SUMBER MANUSIA (KESUMA) PERKESO | J8: PASS | L8: KDN Security Operator - PASS KDNKK Approver - PASS KDNKK APPROVER AND OPERATOR - PASS KDNK SUPERVISOR - PASS KDNKK VERIFIER - PASS KDNKK EQM APPROVER - PASS KDNKK OPERATOR - PASS KDNKK SECURITY ADMIN - PASS | M8: YHUVAN / LUQMAN
A9: TC.TR.IDM.007 | F9: Check for duplicate selection | I9: Selection list should not have duplicates | J9: PASS | L9: KDN Security Operator - PASS KDNKK Approver - PASS KDNKK APPROVER AND OPERATOR - PASS KDNK SUPERVISOR - PASS KDNKK VERIFIER - PASS KDNKK EQM APPROVER - PASS KDNKK OPERATOR - PASS KDNKK SECURITY ADMIN - PASS | M9: YHUVAN / LUQMAN
A10: TC.TR.IDM.008 | F10: Check selection labels | I10: Selection list should be standardized (check uppercase/lowercase or unrelated symbols) | J10: PASS | L10: KDN Security Operator - PASS KDNKK Approver - PASS KDNKK APPROVER AND OPERATOR - PASS KDNK SUPERVISOR - PASS KDNKK VERIFIER - PASS KDNKK EQM APPROVER - PASS KDNKK OPERATOR - PASS KDNKK SECURITY ADMIN - PASS | M10: YHUVAN / LUQMAN
A11: TC.TR.IDM.009 | F11: Select from dropdown list | I11: Selected value should be displayed in field | J11: PASS | L11: KDN Security Operator - PASS KDNKK Approver - PASS KDNKK APPROVER AND OPERATOR - PASS KDNK SUPERVISOR - PASS KDNKK VERIFIER - PASS KDNKK EQM APPROVER - PASS KDNKK OPERATOR - PASS KDNKK SECURITY ADMIN - PASS | M11: YHUVAN / LUQMAN
A12: TC.TR.IDM.010 | D12: Pendaftaran Pengguna Baru - Lokasi Pejabat (Mandatory for all level) | F12: Verify default selection | I12: 1. Default display placeholder "- Sila Pilih -" 2. Option: Ibu Pejabat Cawangan | J12: PASS | L12: KDN Security Operator - PASS KDNKK Approver - PASS KDNKK APPROVER AND OPERATOR - PASS KDNK SUPERVISOR - PASS KDNKK VERIFIER - PASS KDNKK EQM APPROVER - PASS KDNKK OPERATOR - PASS KDNKK SECURITY ADMIN - PASS | M12: YHUVAN / LUQMAN
A13: TC.TR.IDM.011 | F13: Check for duplicate selection | I13: Selection list should not have duplicates | J13: PASS | L13: KDN Security Operator - PASS KDNKK Approver - PASS KDNKK APPROVER AND OPERATOR - PASS KDNK SUPERVISOR - PASS KDNKK VERIFIER - PASS KDNKK EQM APPROVER - PASS KDNKK OPERATOR - PASS KDNKK SECURITY ADMIN - PASS | M13: YHUVAN / LUQMAN
A14: TC.TR.IDM.012 | F14: Check selection labels | I14: Selection list should be standardized (check uppercase/lowercase or unrelated symbols) | J14: PASS | L14: KDN Security Operator - PASS KDNKK Approver - PASS KDNKK APPROVER AND OPERATOR - PASS KDNK SUPERVISOR - PASS KDNKK VERIFIER - PASS KDNKK EQM APPROVER - PASS KDNKK OPERATOR - PASS KDNKK SECURITY ADMIN - PASS | M14: YHUVAN / LUQMAN
A15: TC.TR.IDM.013 | F15: Select from dropdown list | I15: Selected value should be displayed in field | J15: PASS | L15: KDN Security Operator - PASS KDNKK Approver - PASS KDNKK APPROVER AND OPERATOR - PASS KDNK SUPERVISOR - PASS KDNKK VERIFIER - PASS KDNKK EQM APPROVER - PASS KDNKK OPERATOR - PASS KDNKK SECURITY ADMIN - PASS | M15: YHUVAN / LUQMAN
A16: TC.TR.IDM.014 | D16: Pendaftaran Pengguna Baru - Jabatan (Mandatory for all level) | F16: Verify default selection | I16: 1. Default display placeholder "- Sila Pilih -" 2. Option: KEMENTERIAN DALAM NEGERI ONE STOP CENTRE (OSC) AGENSI KAWAL SELIA (AKS) JABATAN IMIGRESEN MALAYSIA (JIM) KEMENTERIAN DALAM NEGERI - KESELAMATAN (KDNKK) KEMENTERIAN SUMBER MANUSIA (KESUMA) PERKESO | J16: PASS | L16: KDN Security Operator - PASS KDNKK Approver - PASS KDNKK APPROVER AND OPERATOR - PASS KDNK SUPERVISOR - PASS KDNKK VERIFIER - PASS KDNKK EQM APPROVER - PASS KDNKK OPERATOR - PASS KDNKK SECURITY ADMIN - PASS | M16: YHUVAN / LUQMAN
A17: TC.TR.IDM.015 | F17: Check for duplicate selection | I17: Selection list should not have duplicates | J17: PASS | L17: KDN Security Operator - PASS KDNKK Approver - PASS KDNKK APPROVER AND OPERATOR - PASS KDNK SUPERVISOR - PASS KDNKK VERIFIER - PASS KDNKK EQM APPROVER - PASS KDNKK OPERATOR - PASS KDNKK SECURITY ADMIN - PASS | M17: YHUVAN / LUQMAN
A18: TC.TR.IDM.016 | F18: Check selection labels | I18: Selection list should be standardized (check uppercase/lowercase or unrelated symbols) | J18: PASS | L18: KDN Security Operator - PASS KDNKK Approver - PASS KDNKK APPROVER AND OPERATOR - PASS KDNK SUPERVISOR - PASS KDNKK VERIFIER - PASS KDNKK EQM APPROVER - PASS KDNKK OPERATOR - PASS KDNKK SECURITY ADMIN - PASS | M18: YHUVAN / LUQMAN
A19: TC.TR.IDM.017 | F19: Select from dropdown list | I19: Selected value should be displayed in field | J19: PASS | L19: KDN Security Operator - PASS KDNKK Approver - PASS KDNKK APPROVER AND OPERATOR - PASS KDNK SUPERVISOR - PASS KDNKK VERIFIER - PASS KDNKK EQM APPROVER - PASS KDNKK OPERATOR - PASS KDNKK SECURITY ADMIN - PASS | M19: YHUVAN / LUQMAN
A20: TC.TR.IDM.018 | D20: Pendaftaran Pengguna Baru - Nama (Mandatory for all level) | F20: Enter minimum of 1 character and max 255 characters | I20: Able to enter minimum of 1 character and 255 maximum characters length and success to register | J20: PASS | L20: KDN Security Operator - PASS KDNKK Approver - PASS KDNKK APPROVER AND OPERATOR - PASS KDNK SUPERVISOR - PASS KDNKK VERIFIER - PASS KDNKK EQM APPROVER - PASS KDNKK OPERATOR - PASS KDNKK SECURITY ADMIN - PASS | M20: YHUVAN / LUQMAN
A21: TC.TR.IDM.019 | F21: Verify default to capital letter | I21: Default or auto to capital letter | J21: PASS | L21: KDN Security Operator - PASS KDNKK Approver - PASS KDNKK APPROVER AND OPERATOR - PASS KDNK SUPERVISOR - PASS KDNKK VERIFIER - PASS KDNKK EQM APPROVER - PASS KDNKK OPERATOR - PASS KDNKK SECURITY ADMIN - PASS | M21: YHUVAN / LUQMAN
A22: TC.TR.IDM.020 | F22: Enter combination character type | I22: Able to enter combination of alphabet and special character | J22: PASS | L22: KDN Security Operator - PASS KDNKK Approver - PASS KDNKK APPROVER AND OPERATOR - PASS KDNK SUPERVISOR - PASS KDNKK VERIFIER - PASS KDNKK EQM APPROVER - PASS KDNKK OPERATOR - PASS KDNKK SECURITY ADMIN - PASS | M22: YHUVAN / LUQMAN
A23: TC.TR.IDM.021 | D23: Pendaftaran Pengguna Baru - Nombor Telefon (Mandatory for all level) | F23: Enter 11 numbers (maximum = 11 numbers) | I23: Able to enter 11 numbers length | J23: PASS | L23: KDN Security Operator - PASS KDNKK Approver - PASS KDNKK APPROVER AND OPERATOR - PASS KDNK SUPERVISOR - PASS KDNKK VERIFIER - PASS KDNKK EQM APPROVER - PASS KDNKK OPERATOR - PASS KDNKK SECURITY ADMIN - PASS | M23: YHUVAN / LUQMAN
A24: TC.TR.IDM.022 | F24: Enter 12 numbers | I24: Unable to enter 12 numbers length | J24: PASS | L24: KDN Security Operator - PASS KDNKK Approver - PASS KDNKK APPROVER AND OPERATOR - PASS KDNK SUPERVISOR - PASS KDNKK VERIFIER - PASS KDNKK EQM APPROVER - PASS KDNKK OPERATOR - PASS KDNKK SECURITY ADMIN - PASS | M24: YHUVAN / LUQMAN
A25: TC.TR.IDM.023 | F25: Enter alphabets | I25: 1. Unable to enter alphabets 2. Display proper error message | J25: PASS | L25: KDN Security Operator - PASS KDNKK Approver - PASS KDNKK APPROVER AND OPERATOR - PASS KDNK SUPERVISOR - PASS KDNKK VERIFIER - PASS KDNKK EQM APPROVER - PASS KDNKK OPERATOR - PASS KDNKK SECURITY ADMIN - PASS | M25: YHUVAN / LUQMAN
A26: TC.TR.IDM.024 | F26: Verify place holder name in No. Telefon are correct in cipta pengguna page | I26: example value: BM cth: 0123456789 BI e.g.: 0123456789 | J26: PASS | L26: KDN Security Operator - PASS KDNKK Approver - PASS KDNKK APPROVER AND OPERATOR - PASS KDNK SUPERVISOR - PASS KDNKK VERIFIER - PASS KDNKK EQM APPROVER - PASS KDNKK OPERATOR - PASS KDNKK SECURITY ADMIN - PASS | M26: YHUVAN / LUQMAN
A27: TC.TR.IDM.025 | D27: Pendaftaran Pengguna Baru - Tarikh Lahir (Mandatory for all level) | F27: Select from date picker | I27: 1. Able to click/select date from date calendar 2. Verify date format is correct (dd/mm/yyyy) 3. Disable selection of future date | J27: PASS | L27: KDN Security Operator - PASS KDNKK Approver - PASS KDNKK APPROVER AND OPERATOR - PASS KDNK SUPERVISOR - PASS KDNKK VERIFIER - PASS KDNKK EQM APPROVER - PASS KDNKK OPERATOR - PASS KDNKK SECURITY ADMIN - PASS | M27: YHUVAN / LUQMAN
A28: TC.TR.IDM.026 | D28: Pendaftaran Pengguna Baru - Jantina (Mandatory for all level) | F28: Select radio button | I28: 1. Initially not be pre-selected 2. Only 1 radio button can be selected at any one time Option: Lelaki Perempuan | J28: PASS | L28: KDN Security Operator - PASS KDNKK Approver - PASS KDNKK APPROVER AND OPERATOR - PASS KDNK SUPERVISOR - PASS KDNKK VERIFIER - PASS KDNKK EQM APPROVER - PASS KDNKK OPERATOR - PASS KDNKK SECURITY ADMIN - PASS | M28: YHUVAN / LUQMAN
A29: TC.TR.IDM.027 | F29: Change selection | I29: User should be able to freely change between selection | J29: PASS | L29: KDN Security Operator - PASS KDNKK Approver - PASS KDNKK APPROVER AND OPERATOR - PASS KDNK SUPERVISOR - PASS KDNKK VERIFIER - PASS KDNKK EQM APPROVER - PASS KDNKK OPERATOR - PASS KDNKK SECURITY ADMIN - PASS | M29: YHUVAN / LUQMAN
A30: TC.TR.IDM.028 | D30: Pendaftaran Pengguna Baru - Emel (Mandatory for all level) | F30: Enter invalid format | I30: Display proper error message | J30: PASS | L30: KDN Security Operator - PASS KDNKK Approver - PASS KDNKK APPROVER AND OPERATOR - PASS KDNK SUPERVISOR - PASS KDNKK VERIFIER - PASS KDNKK EQM APPROVER - PASS KDNKK OPERATOR - PASS KDNKK SECURITY ADMIN - PASS | M30: YHUVAN / LUQMAN
A31: TC.TR.IDM.029 | F31: Enter existing email (email need to be unique) | I31: Display proper error message: "Alamat e-mel ini telah didaftarkan. Sila gunakan alamat e-mel lain utk pendaftaran" | J31: PASS | L31: KDN Security Operator - PASS KDNKK Approver - PASS KDNKK APPROVER AND OPERATOR - PASS KDNK SUPERVISOR - PASS KDNKK VERIFIER - PASS KDNKK EQM APPROVER - PASS KDNKK OPERATOR - PASS KDNKK SECURITY ADMIN - PASS | M31: YHUVAN / LUQMAN
A32: TC.TR.IDM.030 | F32: Verify place holder name in email are correct in cipta pengguna page | G32: 1. Open gov5v2 link 2. Login using the setup group role user 3. Click on Mengurus Pengguna > cipta pengguna 4. Click on email and observe | H32: test any of the group role code that have PRE_REG_IND = 'Y' change to it NULL SELECT * FROM sppa_env2.IDM_USER_GROUP; | I32: example value: BM cth: abcd@gov.com.my BI e.g.: abcd@gov.com.my | J32: PASS | L32: KDN Security Operator - PASS KDNKK Approver - PASS KDNKK APPROVER AND OPERATOR - PASS KDNK SUPERVISOR - PASS KDNKK VERIFIER - PASS KDNKK EQM APPROVER - PASS KDNKK OPERATOR - PASS KDNKK SECURITY ADMIN - PASS | M32: YHUVAN / LUQMAN
A33: TC.TR.IDM.031 | D33: Pendaftaran Pengguna Baru - Jawatan (Mandatory for all level) | F33: Verify default selection | I33: 1. Default display placeholder "-Sila Pilih-" 2. Option: SETIAUSAHA BAHAGIAN SETIAUSAHA PEJABAT TIMBALAN SETIAUSAHA BAHAGIAN PEMBANTU SETIAUSAHA PEJABAT TIMBALAN SETIAUSAHA BAHAGIAN (UNIT OSC PEKERJA ASING) SETIAUSAHA PEJABAT (UNIT OSC PEKERJA ASING) KETUA PENOLONG SETIAUSAHA (UNIT OPERASI) PENOLONG SETIAUSAHA (UNIT OPERASI) PENOLONG PEGAWAI TADBIR (UNIT OPERASI) PEMBANTU OPERASI (UNIT OPERASI) | J33: PASS | L33: KDN Security Operator - PASS KDNKK Approver - PASS KDNKK APPROVER AND OPERATOR - PASS KDNK SUPERVISOR - PASS KDNKK VERIFIER - PASS KDNKK EQM APPROVER - PASS KDNKK OPERATOR - PASS KDNKK SECURITY ADMIN - PASS | M33: YHUVAN / LUQMAN
A34: TC.TR.IDM.032 | F34: Check for duplicate selection | I34: Selection list should not have duplicates | J34: PASS | L34: KDN Security Operator - PASS KDNKK Approver - PASS KDNKK APPROVER AND OPERATOR - PASS KDNK SUPERVISOR - PASS KDNKK VERIFIER - PASS KDNKK EQM APPROVER - PASS KDNKK OPERATOR - PASS KDNKK SECURITY ADMIN - PASS | M34: YHUVAN / LUQMAN
A35: TC.TR.IDM.033 | F35: Check selection labels | I35: Selection list should be standardized (check uppercase/lowercase or unrelated symbols) | J35: PASS | L35: KDN Security Operator - PASS KDNKK Approver - PASS KDNKK APPROVER AND OPERATOR - PASS KDNK SUPERVISOR - PASS KDNKK VERIFIER - PASS KDNKK EQM APPROVER - PASS KDNKK OPERATOR - PASS KDNKK SECURITY ADMIN - PASS | M35: YHUVAN / LUQMAN
A36: TC.TR.IDM.034 | F36: Select from dropdown list | I36: Selected value should be displayed in field | J36: PASS | L36: KDN Security Operator - PASS KDNKK Approver - PASS KDNKK APPROVER AND OPERATOR - PASS KDNK SUPERVISOR - PASS KDNKK VERIFIER - PASS KDNKK EQM APPROVER - PASS KDNKK OPERATOR - PASS KDNKK SECURITY ADMIN - PASS | M36: YHUVAN / LUQMAN
A37: TC.TR.IDM.035 | D37: Pendaftaran Pengguna Baru - No MyKad (Mandatory for all level) | F37: Enter alphabets | I37: 1. Unable to enter alphabets 2. Display proper error message | J37: PASS | L37: KDN Security Operator - PASS KDNKK Approver - PASS KDNKK APPROVER AND OPERATOR - PASS KDNK SUPERVISOR - PASS KDNKK VERIFIER - PASS KDNKK EQM APPROVER - PASS KDNKK OPERATOR - PASS KDNKK SECURITY ADMIN - PASS | M37: YHUVAN / LUQMAN
A38: TC.TR.IDM.036 | F38: Enter existing mykad number (mykad need to be unique) | I38: Display proper error message | J38: PASS | L38: KDN Security Operator - PASS KDNKK Approver - PASS KDNKK APPROVER AND OPERATOR - PASS KDNK SUPERVISOR - PASS KDNKK VERIFIER - PASS KDNKK EQM APPROVER - PASS KDNKK OPERATOR - PASS KDNKK SECURITY ADMIN - PASS | M38: YHUVAN / LUQMAN
A39: TC.TR.IDM.037 | F39: Verify place holder name in No. MyKad are correct in cipta pengguna page | G39: 1. Open gov5v2 link 2. Login using the setup group role user 3. Click on Mengurus Pengguna > cipta pengguna 4. Click on No. MyKad and observe | H39: test any of the group role code that have PRE_REG_IND = 'Y' change to it NULL SELECT * FROM sppa_env2.IDM_USER_GROUP; | I39: example value: BM cth: No. MyKad BI e.g.: MyKad No. | J39: PASS | L39: KDN Security Operator - PASS KDNKK Approver - PASS KDNKK APPROVER AND OPERATOR - PASS KDNK SUPERVISOR - PASS KDNKK VERIFIER - PASS KDNKK EQM APPROVER - PASS KDNKK OPERATOR - PASS KDNKK SECURITY ADMIN - PASS | M39: YHUVAN / LUQMAN
A40: TC.TR.IDM.038 | D40: Pendaftaran Pengguna Baru - Peranan Pengguna (Mandatory for all level) | F40: Verify default selection | I40: 1. Default display placeholder "-Sila Pilih-" 2. Option: a. KDN Security Admin b. KDN Security Operator c. KNDKK Approver d. KDNKK Operator e. KDNKK Approver and Operator f. KDNKK Supervisor g. KDNKK Verifier h. KDNKK EQM Approver | J40: PASS | L40: KDN Security Operator - PASS KDNKK Approver - PASS KDNKK APPROVER AND OPERATOR - PASS KDNK SUPERVISOR - PASS KDNKK VERIFIER - PASS KDNKK EQM APPROVER - PASS KDNKK OPERATOR - PASS KDNKK SECURITY ADMIN - PASS | M40: YHUVAN / LUQMAN
A41: TC.TR.IDM.039 | F41: Check for duplicate selection | I41: Selection list should not have duplicates | J41: PASS | L41: KDN Security Operator - PASS KDNKK Approver - PASS KDNKK APPROVER AND OPERATOR - PASS KDNK SUPERVISOR - PASS KDNKK VERIFIER - PASS KDNKK EQM APPROVER - PASS KDNKK OPERATOR - PASS KDNKK SECURITY ADMIN - PASS | M41: YHUVAN / LUQMAN
A42: TC.TR.IDM.040 | F42: Check selection labels | I42: Selection list should be standardized (check uppercase/lowercase or unrelated symbols) | J42: PASS | L42: KDN Security Operator - PASS KDNKK Approver - PASS KDNKK APPROVER AND OPERATOR - PASS KDNK SUPERVISOR - PASS KDNKK VERIFIER - PASS KDNKK EQM APPROVER - PASS KDNKK OPERATOR - PASS KDNKK SECURITY ADMIN - PASS | M42: YHUVAN / LUQMAN
A43: TC.TR.IDM.041 | F43: Select from dropdown list | I43: Selected value should be displayed in field | J43: PASS | L43: KDN Security Operator - PASS KDNKK Approver - PASS KDNKK APPROVER AND OPERATOR - PASS KDNK SUPERVISOR - PASS KDNKK VERIFIER - PASS KDNKK EQM APPROVER - PASS KDNKK OPERATOR - PASS KDNKK SECURITY ADMIN - PASS | M43: YHUVAN / LUQMAN
A44: TC.TR.IDM.042 | D44: Pendaftaran Pengguna Baru - Dokumen Sokongan (Mandatory field for Level 2 only) | F44: Upload invalid file type | I44: Display proper error message | J44: PASS | L44: KDN Security Operator - PASS KDNKK Approver - PASS KDNKK APPROVER AND OPERATOR - PASS KDNK SUPERVISOR - PASS KDNKK VERIFIER - PASS KDNKK EQM APPROVER - PASS KDNKK OPERATOR - PASS KDNKK SECURITY ADMIN - PASS | M44: YHUVAN / LUQMAN
A45: TC.TR.IDM.043 | F45: Upload file larger than maximum allowed | I45: Display proper error message | J45: PASS | L45: KDN Security Operator - PASS KDNKK Approver - PASS KDNKK APPROVER AND OPERATOR - PASS KDNK SUPERVISOR - PASS KDNKK VERIFIER - PASS KDNKK EQM APPROVER - PASS KDNKK OPERATOR - PASS KDNKK SECURITY ADMIN - PASS | M45: YHUVAN / LUQMAN
A46: TC.TR.IDM.044 | F46: Re-upload another file after first time upload | I46: Allow re-upload | J46: PASS | L46: KDN Security Operator - PASS KDNKK Approver - PASS KDNKK APPROVER AND OPERATOR - PASS KDNK SUPERVISOR - PASS KDNKK VERIFIER - PASS KDNKK EQM APPROVER - PASS KDNKK OPERATOR - PASS KDNKK SECURITY ADMIN - PASS | M46: YHUVAN / LUQMAN
A47: TC.TR.IDM.045 | F47: Remove uploaded file (Remove button) | I47: Field empty after remove | J47: PASS | L47: KDN Security Operator - PASS KDNKK Approver - PASS KDNKK APPROVER AND OPERATOR - PASS KDNK SUPERVISOR - PASS KDNKK VERIFIER - PASS KDNKK EQM APPROVER - PASS KDNKK OPERATOR - PASS KDNKK SECURITY ADMIN - PASS | M47: YHUVAN / LUQMAN
A48: TC.TR.IDM.046 | F48: Viewback file uploaded | I48: Uploaded files should remain in fields when viewback | J48: PASS | L48: KDN Security Operator - PASS KDNKK Approver - PASS KDNKK APPROVER AND OPERATOR - PASS KDNK SUPERVISOR - PASS KDNKK VERIFIER - PASS KDNKK EQM APPROVER - PASS KDNKK OPERATOR - PASS KDNKK SECURITY ADMIN - PASS | M48: YHUVAN / LUQMAN
A49: TC.TR.IDM.047 | F49: Verify tooltip is display for Dokumen Sokongan field | I49: Tooltip display successfully | J49: PASS | L49: KDN Security Operator - PASS KDNKK Approver - PASS KDNKK APPROVER AND OPERATOR - PASS KDNK SUPERVISOR - PASS KDNKK VERIFIER - PASS KDNKK EQM APPROVER - PASS KDNKK OPERATOR - PASS KDNKK SECURITY ADMIN - PASS | M49: YHUVAN / LUQMAN
A50: TC.TR.IDM.048 | D50: Pendaftaran Pengguna Baru - Keterangan Tugasan (Mandatory for all level) | F50: Enter maximum character (maximum = 1000 characters) | I50: Able to save maximum characters | J50: PASS | L50: KDN Security Operator - PASS KDNKK Approver - PASS KDNKK APPROVER AND OPERATOR - PASS KDNK SUPERVISOR - PASS KDNKK VERIFIER - PASS KDNKK EQM APPROVER - PASS KDNKK OPERATOR - PASS KDNKK SECURITY ADMIN - PASS | M50: YHUVAN / LUQMAN
A51: TC.TR.IDM.049 | F51: Enter combination character type | I51: Able to enter combination of alphabet,numeric and special character | J51: PASS | K51: x` | L51: KDN Security Operator - PASS KDNKK Approver - PASS KDNKK APPROVER AND OPERATOR - PASS KDNK SUPERVISOR - PASS KDNKK VERIFIER - PASS KDNKK EQM APPROVER - PASS KDNKK OPERATOR - PASS KDNKK SECURITY ADMIN - PASS | M51: YHUVAN / LUQMAN
A52: TC.TR.IDM.050 | D52: Submit Button | F52: Submit with all mandatory field | I52: 1. System able to submit application 2. Success message as per requirement (Green) 3. Receive Email: Subject > "Permohonan Permohonan ID dihantar untuk Sokongan" | J52: PASS | L52: KDN Security Operator - PASS KDNKK Approver - PASS KDNKK APPROVER AND OPERATOR - PASS KDNK SUPERVISOR - PASS KDNKK VERIFIER - PASS KDNKK EQM APPROVER - PASS KDNKK OPERATOR - PASS KDNKK SECURITY ADMIN - PASS | M52: YHUVAN / LUQMAN
A53: TC.TR.IDM.051 | F53: Verify submit without mandatory field | I53: Display proper error message (Red) | J53: PASS | L53: KDN Security Operator - PASS KDNKK Approver - PASS KDNKK APPROVER AND OPERATOR - PASS KDNK SUPERVISOR - PASS KDNKK VERIFIER - PASS KDNKK EQM APPROVER - PASS KDNKK OPERATOR - PASS KDNKK SECURITY ADMIN - PASS | M53: YHUVAN / LUQMAN
A54: TC.TR.IDM.052 | F54: Verify submit Registration of status "Pending Endorsement" | I54: Display proper error message in pop up message box (Red): "Permohonan Permohonan ID masih dalam proses sokongan. Pendaftaran baharu tidak dibenarkan" | J54: PASS | K54: #37531 | L54: KDN Security Operator - PASS KDNKK Approver - PASS KDNKK APPROVER AND OPERATOR - PASS KDNK SUPERVISOR - PASS KDNKK VERIFIER - PASS KDNKK EQM APPROVER - PASS KDNKK OPERATOR - PASS KDNKK SECURITY ADMIN - PASS | M54: YHUVAN / LUQMAN
A55: TC.TR.IDM.053 | F55: Verify submit Registration of status "Pending Approval" | I55: Display proper error message in pop up message box (Red): "Permohonan Permohonan ID masih dalam proses kelulusan. Pendaftaran baharu tidak dibenarkan" | J55: PASS | K55: #37531 | L55: KDN Security Operator - PASS KDNKK Approver - PASS KDNKK APPROVER AND OPERATOR - PASS KDNK SUPERVISOR - PASS KDNKK VERIFIER - PASS KDNKK EQM APPROVER - PASS KDNKK OPERATOR - PASS KDNKK SECURITY ADMIN - PASS | M55: YHUVAN / LUQMAN
A56: TC.TR.IDM.054 | F56: Verify submit Registration of status "Not Active" (I) | I56: Display proper error message in pop up message box (Red): "ID telah wujud tetapi tidak aktif. Sila berhubung dengan Pentadbir ID untuk mengaktifkan semula ID" | J56: PASS | L56: KDN Security Operator - PASS KDNKK Approver - PASS KDNKK APPROVER AND OPERATOR - PASS KDNK SUPERVISOR - PASS KDNKK VERIFIER - PASS KDNKK EQM APPROVER - PASS KDNKK OPERATOR - PASS KDNKK SECURITY ADMIN - PASS | M56: YHUVAN / LUQMAN
A57: TC.TR.IDM.055 | D57: Popup success message | F57: Verify content popup message once successfully registered | G57: 1. Open gov5v2 link 2. Click on Pendaftaran Baharu ID 3. Fill al the required details and observed | I57: Tajuk tukar kepada BM: Pendaftaran Berjaya BI: Registration Success --------------------------------------------------------- Ayat dalam die ubah BM Pendaftaran telah berjaya dihantar. Keputusan permohonan akan dimaklumkan melalui emel yang didaftarkan. Terima kasih. BI Registration has been successfully submitted. The result of your application will be sent to the registered email. Thank you. | J57: PASS | L57: KDN Security Operator - PASS KDNKK Approver - PASS KDNKK APPROVER AND OPERATOR - PASS KDNK SUPERVISOR - PASS KDNKK VERIFIER - PASS KDNKK EQM APPROVER - PASS KDNKK OPERATOR - PASS KDNKK SECURITY ADMIN - PASS | M57: YHUVAN / LUQMAN
A58: TC.TR.IDM.056 | F58: Verify content popup message once first time user successfully change password | G58: 1. Open gov5v2 link 2. Create user from Sokongan until Kelulusan 3. Login as the new user 4. Enter the new password required 5. Observe | I58: BM Kata laluan anda telah berjaya ditukar. Sila gunakan kata laluan baharu untuk log masuk. BI Your password has been successfully changed. Please use your new password to log in. | J58: PASS | L58: KDN Security Operator - PASS KDNKK Approver - PASS KDNKK APPROVER AND OPERATOR - PASS KDNK SUPERVISOR - PASS KDNKK VERIFIER - PASS KDNKK EQM APPROVER - PASS KDNKK OPERATOR - PASS KDNKK SECURITY ADMIN - PASS | M58: YHUVAN / LUQMAN
A59: TC.TR.IDM.057 | D59: Reset button | F59: Fill in form and reset. | I59: All fields should be cleared | J59: PASS | L59: KDN Security Operator - PASS KDNKK Approver - PASS KDNKK APPROVER AND OPERATOR - PASS KDNK SUPERVISOR - PASS KDNKK VERIFIER - PASS KDNKK EQM APPROVER - PASS KDNKK OPERATOR - PASS KDNKK SECURITY ADMIN - PASS | M59: YHUVAN / LUQMAN
A60: TC.TR.IDM.058 | D60: Enter Code | F60: Submit without enter code | I60: Display proper error message | J60: PASS | L60: KDN Security Operator - PASS KDNKK Approver - PASS KDNKK APPROVER AND OPERATOR - PASS KDNK SUPERVISOR - PASS KDNKK VERIFIER - PASS KDNKK EQM APPROVER - PASS KDNKK OPERATOR - PASS KDNKK SECURITY ADMIN - PASS | M60: YHUVAN / LUQMAN
A61: TC.TR.IDM.059 | F61: Enter with wrong Code | I61: Display proper error message | J61: PASS | L61: KDN Security Operator - PASS KDNKK Approver - PASS KDNKK APPROVER AND OPERATOR - PASS KDNK SUPERVISOR - PASS KDNKK VERIFIER - PASS KDNKK EQM APPROVER - PASS KDNKK OPERATOR - PASS KDNKK SECURITY ADMIN - PASS | M61: YHUVAN / LUQMAN
A62: TC.TR.IDM.060 | F62: Enter with correct code | I62: Able to continue submit application | J62: PASS | L62: KDN Security Operator - PASS KDNKK Approver - PASS KDNKK APPROVER AND OPERATOR - PASS KDNK SUPERVISOR - PASS KDNKK VERIFIER - PASS KDNKK EQM APPROVER - PASS KDNKK OPERATOR - PASS KDNKK SECURITY ADMIN - PASS | M62: YHUVAN / LUQMAN
A63: TC.TR.IDM.061 | D63: Pengesahan OTP | F63: Verify notification message | I63: Display proper notification in proper color standard and as per requirement design | J63: PASS | L63: KDN Security Operator - PASS KDNKK Approver - PASS KDNKK APPROVER AND OPERATOR - PASS KDNK SUPERVISOR - PASS KDNKK VERIFIER - PASS KDNKK EQM APPROVER - PASS KDNKK OPERATOR - PASS KDNKK SECURITY ADMIN - PASS | M63: YHUVAN / LUQMAN
A64: TC.TR.IDM.062 | F64: Able to click "Mohon OTP" | I64: Received OTP Email to registered email with Subject > "OTP" | J64: PASS | L64: KDN Security Operator - PASS KDNKK Approver - PASS KDNKK APPROVER AND OPERATOR - PASS KDNK SUPERVISOR - PASS KDNKK VERIFIER - PASS KDNKK EQM APPROVER - PASS KDNKK OPERATOR - PASS KDNKK SECURITY ADMIN - PASS | M64: YHUVAN / LUQMAN
A65: TC.TR.IDM.063 | F65: Check duration of OTP validation | J65: PASS | L65: KDN Security Operator - PASS KDNKK Approver - PASS KDNKK APPROVER AND OPERATOR - PASS KDNK SUPERVISOR - PASS KDNKK VERIFIER - PASS KDNKK EQM APPROVER - PASS KDNKK OPERATOR - PASS KDNKK SECURITY ADMIN - PASS | M65: YHUVAN / LUQMAN
A66: TC.TR.IDM.064 | F66: Enter OTP received from Email | I66: Display Success message as per requirement (Green) | J66: PASS | L66: KDN Security Operator - PASS KDNKK Approver - PASS KDNKK APPROVER AND OPERATOR - PASS KDNK SUPERVISOR - PASS KDNKK VERIFIER - PASS KDNKK EQM APPROVER - PASS KDNKK OPERATOR - PASS KDNKK SECURITY ADMIN - PASS | M66: YHUVAN / LUQMAN
A67: TC.TR.IDM.065 | D67: Check change content for email pengaktifan ID | F67: Verify change content for email pengaktifan ID | G67: 1.Create user from sokongan and until kelulusan 2. Observe in the email once kelulusan has been lulus. | I67: Subject: Pengaktifan Akaun Pengguna =====content======= Kepada <OSC OFFICER ADMIN>, Dimaklumkan bahawa akaun ID anda telah diwujudkan dalam sistem FWCMS. Berikut adalah maklumat ID anda: ID Pengguna : raimioscadmin@yopmail.com Kata Laluan Sementara : #&d9t65#357* Sila log masuk ke portal berikut : https://gov2.fwcms.my Setelah berjaya log masuk, anda dikehendaki menukar kata laluan sementara kepada kata laluan baharu bagi tujuan keselamatan. Terima Kasih PENTADBIR SISTEM | J67: PASS | L67: KDN Security Operator - PASS KDNKK Approver - PASS KDNKK APPROVER AND OPERATOR - PASS KDNK SUPERVISOR - PASS KDNKK VERIFIER - PASS KDNKK EQM APPROVER - PASS KDNKK OPERATOR - PASS KDNKK SECURITY ADMIN - PASS | M67: YHUVAN / LUQMAN
A68: Sokongan Permohonan ID | N68: =COUNTIF($J69:J83,"PASS") -> 15 | O68: =COUNTIF($J69:J83,"FAIL") -> 0 | P68: =COUNTBLANK(J69:J89) -> 0 | Q68: =COUNTIF($J69:J83,"IN PROGRESS") -> 0 | R68: =COUNTIF($J69:J83,"BLOCKED") -> 0
A69: TC.TR.IDM.067 | B69: #37058 | C69: User Story | D69: Menu Pengurusan Pengguna > Sokongan Permohonan ID | E69: User Related: | F69: Verify new Sub Menu = Sokongan Permohonan ID under Pengurusan Pengguna | I69: 1. KDN ADMIN can Endorsed & Approved Level 3 (Endorse & Approve must be different User) 2. OSC KDN ADMIN can Endorsed & Approved Level 4 (Endorse & Approve must be different User) 3. OSC OFFICER ADMIN can Endorsed Level 5 only 4. BPA ADMIN can endorsed and approved 5. JIM SECURITY ADMIN can Endorsed Level 5 only 6. BPA STATE can endorsed only | J69: PASS | L69: KDN Security Operator - PASS KDNKK Approver - PASS KDNKK APPROVER AND OPERATOR - PASS KDNK SUPERVISOR - PASS KDNKK VERIFIER - PASS KDNKK EQM APPROVER - PASS KDNKK OPERATOR - PASS KDNKK SECURITY ADMIN - PASS | M69: YHUVAN / LUQMAN
A70: TC.TR.IDM.068 | F70: Verify lower level can be Endorsed/Approved by 1 upper Level (Level 3) of other parent | I70: Not Allowed to Endorsed/Approved by other parent | J70: PASS | L70: KDN Security Operator - PASS KDNKK Approver - PASS KDNKK APPROVER AND OPERATOR - PASS KDNK SUPERVISOR - PASS KDNKK VERIFIER - PASS KDNKK EQM APPROVER - PASS KDNKK OPERATOR - PASS KDNKK SECURITY ADMIN - PASS | M70: YHUVAN / LUQMAN
A71: TC.TR.IDM.069 | F71: Verify to Endorsed & Approved by different User (who can Endorsed & Approved) | I71: Cannot Endorsed & Approved by SAME User | J71: PASS | L71: KDN Security Operator - PASS KDNKK Approver - PASS KDNKK APPROVER AND OPERATOR - PASS KDNK SUPERVISOR - PASS KDNKK VERIFIER - PASS KDNKK EQM APPROVER - PASS KDNKK OPERATOR - PASS KDNKK SECURITY ADMIN - PASS | M71: YHUVAN / LUQMAN
A72: TC.TR.IDM.070 | F72: Verify to Endorsed & Approved if having 1 user only (who can Endorsed & Approved) | I72: Must have at least 2 users as Endorser & Approver | J72: PASS | L72: KDN Security Operator - PASS KDNKK Approver - PASS KDNKK APPROVER AND OPERATOR - PASS KDNK SUPERVISOR - PASS KDNKK VERIFIER - PASS KDNKK EQM APPROVER - PASS KDNKK OPERATOR - PASS KDNKK SECURITY ADMIN - PASS | M72: YHUVAN / LUQMAN
A73: TC.TR.IDM.071 | D73: Sokongan Permohonan ID - Claim / Release Application | E73: 1. For Registration other than Level 2 2. Level 2 will not be Endorsed | F73: Result List with Status - Menunggu Sokongan | I73: 1. Having Action option to: Tuntut Tugasan Kemaskini Lepaskan Tugasan 2. Able to function properly for all Actions 3. Once claimed, it will redirect to update page. | J73: PASS | L73: KDN Security Operator - PASS KDNKK Approver - PASS KDNKK APPROVER AND OPERATOR - PASS KDNK SUPERVISOR - PASS KDNKK VERIFIER - PASS KDNKK EQM APPROVER - PASS KDNKK OPERATOR - PASS KDNKK SECURITY ADMIN - PASS | M73: YHUVAN / LUQMAN
A74: TC.TR.IDM.072 | D74: Sokongan Permohonan ID - Only View Application | F74: Result List with Status - Selesai | I74: 1. Having Action option to: Papar Profil 2. Able to function properly for all Actions | J74: PASS | L74: KDN Security Operator - PASS KDNKK Approver - PASS KDNKK APPROVER AND OPERATOR - PASS KDNK SUPERVISOR - PASS KDNKK VERIFIER - PASS KDNKK EQM APPROVER - PASS KDNKK OPERATOR - PASS KDNKK SECURITY ADMIN - PASS | M74: YHUVAN / LUQMAN
A75: TC.TR.IDM.073 | D75: Senarai Sokongan Permohonan ID | F75: Check All Labels | I75: All labels as per requirement | J75: PASS | L75: KDN Security Operator - PASS KDNKK Approver - PASS KDNKK APPROVER AND OPERATOR - PASS KDNK SUPERVISOR - PASS KDNKK VERIFIER - PASS KDNKK EQM APPROVER - PASS KDNKK OPERATOR - PASS KDNKK SECURITY ADMIN - PASS | M75: YHUVAN / LUQMAN
A76: TC.TR.IDM.074 | F76: Check Single Search Criteria by: a. Fullname b. User Role Group c. Status | I76: Successfully search as per criteria selected | J76: PASS | L76: KDN Security Operator - PASS KDNKK Approver - PASS KDNKK APPROVER AND OPERATOR - PASS KDNK SUPERVISOR - PASS KDNKK VERIFIER - PASS KDNKK EQM APPROVER - PASS KDNKK OPERATOR - PASS KDNKK SECURITY ADMIN - PASS | M76: YHUVAN / LUQMAN
A77: TC.TR.IDM.075 | F77: Check Combination of Search Criteria by: a. Fullname b. User Role Group c. Status | I77: Successfully search as per criteria selected | J77: PASS | L77: KDN Security Operator - PASS KDNKK Approver - PASS KDNKK APPROVER AND OPERATOR - PASS KDNK SUPERVISOR - PASS KDNKK VERIFIER - PASS KDNKK EQM APPROVER - PASS KDNKK OPERATOR - PASS KDNKK SECURITY ADMIN - PASS | M77: YHUVAN / LUQMAN
A78: TC.TR.IDM.076 | F78: Reset | I78: All criteria and list reset | J78: PASS | L78: KDN Security Operator - PASS KDNKK Approver - PASS KDNKK APPROVER AND OPERATOR - PASS KDNK SUPERVISOR - PASS KDNKK VERIFIER - PASS KDNKK EQM APPROVER - PASS KDNKK OPERATOR - PASS KDNKK SECURITY ADMIN - PASS | M78: YHUVAN / LUQMAN
A79: TC.TR.IDM.077 | F79: Result List By Default | I79: All labels Fields should be auto-populated according to requirements: a. Nama b. Peranan Pengguna c. Negeri d. Cawangan e. Tarikh Dipohon f. Sokongan Oleh g. Kelulusan Oleh h. Status i. Tindakan (Menunggu Pengesahan / Selesai / Ditolak) | J79: PASS | L79: KDN Security Operator - PASS KDNKK Approver - PASS KDNKK APPROVER AND OPERATOR - PASS KDNK SUPERVISOR - PASS KDNKK VERIFIER - PASS KDNKK EQM APPROVER - PASS KDNKK OPERATOR - PASS KDNKK SECURITY ADMIN - PASS | M79: YHUVAN / LUQMAN
A80: TC.TR.IDM.078 | D80: Maklumat Sokongan Permohonan ID | F80: Verify pre-populated data | I80: Available data should auto populate by default based on data in DB | J80: PASS | L80: KDN Security Operator - PASS KDNKK Approver - PASS KDNKK APPROVER AND OPERATOR - PASS KDNK SUPERVISOR - PASS KDNKK VERIFIER - PASS KDNKK EQM APPROVER - PASS KDNKK OPERATOR - PASS KDNKK SECURITY ADMIN - PASS | M80: YHUVAN / LUQMAN
A81: TC.TR.IDM.079 | F81: Disable non-editable fields | I81: Fields that cannot be updated should be not editable | J81: PASS | L81: KDN Security Operator - PASS KDNKK Approver - PASS KDNKK APPROVER AND OPERATOR - PASS KDNK SUPERVISOR - PASS KDNKK VERIFIER - PASS KDNKK EQM APPROVER - PASS KDNKK OPERATOR - PASS KDNKK SECURITY ADMIN - PASS | M81: YHUVAN / LUQMAN
A82: TC.TR.IDM.080 | F82: Select radio button | I82: Radio button are shown based on the pre registration | J82: PASS | L82: KDN Security Operator - PASS KDNKK Approver - PASS KDNKK APPROVER AND OPERATOR - PASS KDNK SUPERVISOR - PASS KDNKK VERIFIER - PASS KDNKK EQM APPROVER - PASS KDNKK OPERATOR - PASS KDNKK SECURITY ADMIN - PASS | M82: YHUVAN / LUQMAN
A83: TC.TR.IDM.081 | F83: Change selection Jawatan | I83: User cannot be able to freely change between selection | J83: PASS | L83: KDN Security Operator - PASS KDNKK Approver - PASS KDNKK APPROVER AND OPERATOR - PASS KDNK SUPERVISOR - PASS KDNKK VERIFIER - PASS KDNKK EQM APPROVER - PASS KDNKK OPERATOR - PASS KDNKK SECURITY ADMIN - PASS | M83: YHUVAN / LUQMAN
A84: TC.TR.IDM.082 | F84: Option = Sokong (Bahagian Sokongan) | I84: In Sokongan Permohonan ID Message to display if Sokong "Sokongan Permohonan ID telah berjaya Disokong." | J84: PASS | L84: KDN Security Operator - PASS KDNKK Approver - PASS KDNKK APPROVER AND OPERATOR - PASS KDNK SUPERVISOR - PASS KDNKK VERIFIER - PASS KDNKK EQM APPROVER - PASS KDNKK OPERATOR - PASS KDNKK SECURITY ADMIN - PASS | M84: YHUVAN / LUQMAN
A85: TC.TR.IDM.083 | F85: Option = Tolak (Bahagian Sokongan) | I85: Message to display if Tolak "Sokongan Permohonan ID telah Ditolak" | J85: PASS | L85: KDN Security Operator - PASS KDNKK Approver - PASS KDNKK APPROVER AND OPERATOR - PASS KDNK SUPERVISOR - PASS KDNKK VERIFIER - PASS KDNKK EQM APPROVER - PASS KDNKK OPERATOR - PASS KDNKK SECURITY ADMIN - PASS | M85: YHUVAN / LUQMAN
A86: TC.TR.IDM.084 | F86: Viewback after click Hantar | I86: Latest updated data displayed correctly when viewback & disable | J86: PASS | L86: KDN Security Operator - PASS KDNKK Approver - PASS KDNKK APPROVER AND OPERATOR - PASS KDNK SUPERVISOR - PASS KDNKK VERIFIER - PASS KDNKK EQM APPROVER - PASS KDNKK OPERATOR - PASS KDNKK SECURITY ADMIN - PASS | M86: YHUVAN / LUQMAN
A87: TC.TR.IDM.085 | D87: Check Label status | F87: Verify label status has been changed inside lihat profil / kemaskini | G87: 1. Create user which need to be sokong 2. Login as the Penyokong user 3. Lihat profil to the newly created user | I87: 1. status DISOKONG has been changed to SOKONG 2. status SOKONGAN DITOLAK has been changed to TOLAK | J87: PASS | L87: KDN Security Operator - PASS KDNKK Approver - PASS KDNKK APPROVER AND OPERATOR - PASS KDNK SUPERVISOR - PASS KDNKK VERIFIER - PASS KDNKK EQM APPROVER - PASS KDNKK OPERATOR - PASS KDNKK SECURITY ADMIN - PASS | M87: YHUVAN / LUQMAN
A88: TC.TR.IDM.086 | F88: Verify label status has been changed inside Sokongan Permohonan ID page | G88: 1. Create user which need to be sokong 2. Login as the Penyokong user 3. Observe the Status name | I88: 1. status DISOKONG has been changed to SOKONG 2. status SOKONGAN DITOLAK has been changed to TOLAK 3. status MENUNGGU PENGESAHAN to MENUNGGU SOKONGAN | J88: PASS | L88: KDN Security Operator - PASS KDNKK Approver - PASS KDNKK APPROVER AND OPERATOR - PASS KDNK SUPERVISOR - PASS KDNKK VERIFIER - PASS KDNKK EQM APPROVER - PASS KDNKK OPERATOR - PASS KDNKK SECURITY ADMIN - PASS | M88: YHUVAN / LUQMAN
A89: TC.TR.IDM.087 | F89: Verify label status has been changed inside Sokongan Permohonan ID page | G89: 1. Create user which need to be sokong 2. Login as the Penyokong user 3. Click status > Observe | I89: 1. status DISOKONG has been changed to SOKONG 2. status SOKONGAN DITOLAK has been changed to TOLAK 3. status MENUNGGU PENGESAHAN to MENUNGGU SOKONGAN | J89: PASS | L89: KDN Security Operator - PASS KDNKK Approver - PASS KDNKK APPROVER AND OPERATOR - PASS KDNK SUPERVISOR - PASS KDNKK VERIFIER - PASS KDNKK EQM APPROVER - PASS KDNKK OPERATOR - PASS KDNKK SECURITY ADMIN - PASS | M89: YHUVAN / LUQMAN
A90: Kelulusan Permohonan ID | N90: =COUNTIF($J91:J105,"PASS") -> 15 | O90: =COUNTIF($J91:J105,"FAIL") -> 0 | P90: =COUNTBLANK(J91:J113) -> 0 | Q90: =COUNTIF($J91:J105,"IN PROGRESS") -> 0 | R90: =COUNTIF($J91:J105,"BLOCKED") -> 0
A91: TC.TR.IDM.088 | B91: #37059 | C91: User Story | D91: Menu Pengurusan Pengguna > Kelulusan Permohonan ID | E91: User Related: | F91: Verify new Sub Menu = Kelulusan Permohonan ID under Pengurusan Pengguna | I91: 1. SUPERADMIN can Approved Level 2 only 2. KDN ADMIN can Endorsed & Approved Level 3 (Endorse & Approve must be different User) 3. OSC KDN ADMIN can Endorsed & Approved Level 4 (Endorse & Approve must be different User) 4. JIM ADMIN can Approved Level 5 only 5. BPA ADMIN can Approved Level 6 | J91: PASS | L91: KDN Security Operator - PASS KDNKK Approver - PASS KDNKK APPROVER AND OPERATOR - PASS KDNK SUPERVISOR - PASS KDNKK VERIFIER - PASS KDNKK EQM APPROVER - PASS KDNKK OPERATOR - PASS KDNKK SECURITY ADMIN - PASS | M91: YHUVAN / LUQMAN
A92: TC.TR.IDM.089 | F92: Verify lower level can be Endorsed/Approved by 1 upper Level (Level 3) of other parent | I92: Not Allowed to Endorsed/Approved by other parent | J92: PASS | L92: KDN Security Operator - PASS KDNKK Approver - PASS KDNKK APPROVER AND OPERATOR - PASS KDNK SUPERVISOR - PASS KDNKK VERIFIER - PASS KDNKK EQM APPROVER - PASS KDNKK OPERATOR - PASS KDNKK SECURITY ADMIN - PASS | M92: YHUVAN / LUQMAN
A93: TC.TR.IDM.090 | F93: Verify to Endorsed & Approved by different User (who can Endorsed & Approved) | I93: Cannot Endorsed & Approved by SAME User | J93: PASS | L93: KDN Security Operator - PASS KDNKK Approver - PASS KDNKK APPROVER AND OPERATOR - PASS KDNK SUPERVISOR - PASS KDNKK VERIFIER - PASS KDNKK EQM APPROVER - PASS KDNKK OPERATOR - PASS KDNKK SECURITY ADMIN - PASS | M93: YHUVAN / LUQMAN
A94: TC.TR.IDM.091 | F94: Verify to Endorsed & Approved if having 1 user only (who can Endorsed & Approved) | I94: Must have at least 2 users as Endorser & Approver | J94: PASS | L94: KDN Security Operator - PASS KDNKK Approver - PASS KDNKK APPROVER AND OPERATOR - PASS KDNK SUPERVISOR - PASS KDNKK VERIFIER - PASS KDNKK EQM APPROVER - PASS KDNKK OPERATOR - PASS KDNKK SECURITY ADMIN - PASS | M94: YHUVAN / LUQMAN
A95: TC.TR.IDM.092 | D95: Permohonan Kelulusan ID - Claim / Release Application | E95: 1. For Registration Level 2 2. other Level that has been Endorsed | F95: Result List with Status - Menunggu Kelulusan | I95: 1. Having Action option to: Tuntut Tugasan Kemaskini Lepaskan Tugasan 2. Able to function properly for all Actions 3. Once claimed, it will redirect to update page. | J95: PASS | L95: KDN Security Operator - PASS KDNKK Approver - PASS KDNKK APPROVER AND OPERATOR - PASS KDNK SUPERVISOR - PASS KDNKK VERIFIER - PASS KDNKK EQM APPROVER - PASS KDNKK OPERATOR - PASS KDNKK SECURITY ADMIN - PASS | M95: YHUVAN / LUQMAN
A96: TC.TR.IDM.093 | D96: Permohonan Kelulusan ID - Only View Application | F96: Result List with Status - Selesai | I96: 1. Having Action option to: Papar Profil 2. Able to function properly for all Actions | J96: PASS | L96: KDN Security Operator - PASS KDNKK Approver - PASS KDNKK APPROVER AND OPERATOR - PASS KDNK SUPERVISOR - PASS KDNKK VERIFIER - PASS KDNKK EQM APPROVER - PASS KDNKK OPERATOR - PASS KDNKK SECURITY ADMIN - PASS | M96: YHUVAN / LUQMAN
A97: TC.TR.IDM.094 | D97: Senarai Kelulusan Permohonan ID | F97: Check All Labels | I97: All labels as per requirement | J97: PASS | L97: KDN Security Operator - PASS KDNKK Approver - PASS KDNKK APPROVER AND OPERATOR - PASS KDNK SUPERVISOR - PASS KDNKK VERIFIER - PASS KDNKK EQM APPROVER - PASS KDNKK OPERATOR - PASS KDNKK SECURITY ADMIN - PASS | M97: YHUVAN / LUQMAN
A98: TC.TR.IDM.095 | F98: Check Single Search Criteria by: a. Fullname b. User Role Group c. Status | I98: Successfully search as per criteria selected | J98: PASS | L98: KDN Security Operator - PASS KDNKK Approver - PASS KDNKK APPROVER AND OPERATOR - PASS KDNK SUPERVISOR - PASS KDNKK VERIFIER - PASS KDNKK EQM APPROVER - PASS KDNKK OPERATOR - PASS KDNKK SECURITY ADMIN - PASS | M98: YHUVAN / LUQMAN
A99: TC.TR.IDM.096 | F99: Check Combination of Search Criteria by: a. Fullname b. User Role Group c. Status | I99: Successfully search as per criteria selected | J99: PASS | L99: KDN Security Operator - PASS KDNKK Approver - PASS KDNKK APPROVER AND OPERATOR - PASS KDNK SUPERVISOR - PASS KDNKK VERIFIER - PASS KDNKK EQM APPROVER - PASS KDNKK OPERATOR - PASS KDNKK SECURITY ADMIN - PASS | M99: YHUVAN / LUQMAN
A100: TC.TR.IDM.097 | F100: Reset | I100: All criteria and list reset | J100: PASS | L100: KDN Security Operator - PASS KDNKK Approver - PASS KDNKK APPROVER AND OPERATOR - PASS KDNK SUPERVISOR - PASS KDNKK VERIFIER - PASS KDNKK EQM APPROVER - PASS KDNKK OPERATOR - PASS KDNKK SECURITY ADMIN - PASS | M100: YHUVAN / LUQMAN
...

Sheet IDM - KESUMA
A1: Case ID | B1: Redmine User Story | C1: Tracker | D1: Scenario | E1: Pre Condition | F1: Case | G1: Steps | H1: Test Data | I1: Expected Result | J1: Result | K1: Redmine Defect | L1: Additional/Comments/Issues | M1: QA PIC | N1: =SUM(N2:N138) -> 59 | O1: =SUM(O2:O138) -> 0 | P1: =SUM(P2:P138) -> 0 | Q1: =SUM(Q2:Q138) -> 0 | R1: =SUM(R2:R138) -> 0
A2: Pendaftaran Pengguna Baharu | N2: =COUNTIF($J3:J17,"PASS") -> 15 | O2: =COUNTIF($J3:J17,"FAIL") -> 0 | P2: =COUNTBLANK(J3:J65) -> 0 | Q2: =COUNTIF($J3:J17,"IN PROGRESS") -> 0 | R2: =COUNTIF($J3:J17,"BLOCKED") -> 0
A3: TC.TR.IDM.001 | B3: #37022 #37057 | C3: User Story | D3: Pendaftaran Pengguna Baru | F3: Check All labels & Links | I3: 1. Redirect to Registration Screen when click "Daftar" 2. Display All labels as per requirement 3. Menu Mengurus Pengguna has been changed to Pengurusan Pengguna | J3: PASS | L3: KESUMA ADMIN - PASS PTADBIR_ID_PERKESO - PASS PERKESO_STATE_ADMIN - PASS PERKESO_STATE_USER - PASS PERKESO_ADMIN_USER - PASS PERKESO_HQ - PASS KSM MENTERI - PASS KSM_JTK_USER - PASS JTKSM_INSPECTOR_WFW - PASS KSM_JTKSM_ADMIN - PASS JTKSM_OC_ALL - PASS JTKSM_ADMIN_EQUOTA - PASS JTKSM_INSPECTOR_FWe - PASS JTKSM_INSPECTOR - PASS KP_APPRVL_ENDORSE - PASS KSM_STATE_ADMIN - PASS KSM_STATE_USER - PASS PTADBIR_ID_JTKSM - PASS PTADBIR_PEG_ID_BPA - PASS KSM_JTK_HQ_ADMIN - PASS | M3: YHUVAN / LUQMAN
A4: TC.TR.IDM.002 | D4: Pendaftaran Pengguna Baru - Zon Lokasi (Mandatory for all level) | E4: 1. Details save in PRE_IDM_PROFILE 2. Able to register user: | F4: Verify default selection | I4: 1. Default display placeholder "Semenanjung Malaysia" 2. Option: Semenanjung Malaysia Sabah Sarawak | J4: PASS | L4: KESUMA ADMIN - PASS PTADBIR_ID_PERKESO - PASS PERKESO_STATE_ADMIN - PASS PERKESO_STATE_USER - PASS PERKESO_ADMIN_USER - PASS PERKESO_HQ - PASS KSM MENTERI - PASS KSM_JTK_USER - PASS JTKSM_INSPECTOR_WFW - PASS KSM_JTKSM_ADMIN - PASS JTKSM_OC_ALL - PASS JTKSM_ADMIN_EQUOTA - PASS JTKSM_INSPECTOR_FWe - PASS JTKSM_INSPECTOR - PASS KP_APPRVL_ENDORSE - PASS KSM_STATE_ADMIN - PASS KSM_STATE_USER - PASS PTADBIR_ID_JTKSM - PASS PTADBIR_PEG_ID_BPA - PASS KSM_JTK_HQ_ADMIN - PASS | M4: YHUVAN / LUQMAN
A5: TC.TR.IDM.003 | F5: Check for duplicate selection | I5: Selection list should not have duplicates | J5: PASS | L5: KESUMA ADMIN - PASS PTADBIR_ID_PERKESO - PASS PERKESO_STATE_ADMIN - PASS PERKESO_STATE_USER - PASS PERKESO_ADMIN_USER - PASS PERKESO_HQ - PASS KSM MENTERI - PASS KSM_JTK_USER - PASS JTKSM_INSPECTOR_WFW - PASS KSM_JTKSM_ADMIN - PASS JTKSM_OC_ALL - PASS JTKSM_ADMIN_EQUOTA - PASS JTKSM_INSPECTOR_FWe - PASS JTKSM_INSPECTOR - PASS KP_APPRVL_ENDORSE - PASS KSM_STATE_ADMIN - PASS KSM_STATE_USER - PASS PTADBIR_ID_JTKSM - PASS PTADBIR_PEG_ID_BPA - PASS KSM_JTK_HQ_ADMIN - PASS | M5: YHUVAN / LUQMAN
A6: TC.TR.IDM.004 | F6: Check selection labels | I6: Selection list should be standardized (check uppercase/lowercase or unrelated symbols) | J6: PASS | L6: KESUMA ADMIN - PASS PTADBIR_ID_PERKESO - PASS PERKESO_STATE_ADMIN - PASS PERKESO_STATE_USER - PASS PERKESO_ADMIN_USER - PASS PERKESO_HQ - PASS KSM MENTERI - PASS KSM_JTK_USER - PASS JTKSM_INSPECTOR_WFW - PASS KSM_JTKSM_ADMIN - PASS JTKSM_OC_ALL - PASS JTKSM_ADMIN_EQUOTA - PASS JTKSM_INSPECTOR_FWe - PASS JTKSM_INSPECTOR - PASS KP_APPRVL_ENDORSE - PASS KSM_STATE_ADMIN - PASS KSM_STATE_USER - PASS PTADBIR_ID_JTKSM - PASS PTADBIR_PEG_ID_BPA - PASS KSM_JTK_HQ_ADMIN - PASS | M6: YHUVAN / LUQMAN
A7: TC.TR.IDM.005 | F7: Select from dropdown list | I7: Selected value should be displayed in field | J7: PASS | L7: KESUMA ADMIN - PASS PTADBIR_ID_PERKESO - PASS PERKESO_STATE_ADMIN - PASS PERKESO_STATE_USER - PASS PERKESO_ADMIN_USER - PASS PERKESO_HQ - PASS KSM MENTERI - PASS KSM_JTK_USER - PASS JTKSM_INSPECTOR_WFW - PASS KSM_JTKSM_ADMIN - PASS JTKSM_OC_ALL - PASS JTKSM_ADMIN_EQUOTA - PASS JTKSM_INSPECTOR_FWe - PASS JTKSM_INSPECTOR - PASS KP_APPRVL_ENDORSE - PASS KSM_STATE_ADMIN - PASS KSM_STATE_USER - PASS PTADBIR_ID_JTKSM - PASS PTADBIR_PEG_ID_BPA - PASS KSM_JTK_HQ_ADMIN - PASS | M7: YHUVAN / LUQMAN
A8: TC.TR.IDM.006 | D8: Pendaftaran Pengguna Baru - Agensi Kerajaan (Mandatory for all level) | F8: Verify default selection | I8: 1. Default display placeholder "- Sila Pilih -" 2. Option: KEMENTERIAN DALAM NEGERI (KDN) KEMENTERIAN SUMBER MANUSIA (KESUMA) PERKESO | J8: PASS | L8: KESUMA ADMIN - PASS PTADBIR_ID_PERKESO - PASS PERKESO_STATE_ADMIN - PASS PERKESO_STATE_USER - PASS PERKESO_ADMIN_USER - PASS PERKESO_HQ - PASS KSM MENTERI - PASS KSM_JTK_USER - PASS JTKSM_INSPECTOR_WFW - PASS KSM_JTKSM_ADMIN - PASS JTKSM_OC_ALL - PASS JTKSM_ADMIN_EQUOTA - PASS JTKSM_INSPECTOR_FWe - PASS JTKSM_INSPECTOR - PASS KP_APPRVL_ENDORSE - PASS KSM_STATE_ADMIN - PASS KSM_STATE_USER - PASS PTADBIR_ID_JTKSM - PASS PTADBIR_PEG_ID_BPA - PASS KSM_JTK_HQ_ADMIN - PASS | M8: YHUVAN / LUQMAN
A9: TC.TR.IDM.007 | F9: Check for duplicate selection | I9: Selection list should not have duplicates | J9: PASS | L9: KESUMA ADMIN - PASS PTADBIR_ID_PERKESO - PASS PERKESO_STATE_ADMIN - PASS PERKESO_STATE_USER - PASS PERKESO_ADMIN_USER - PASS PERKESO_HQ - PASS KSM MENTERI - PASS KSM_JTK_USER - PASS JTKSM_INSPECTOR_WFW - PASS KSM_JTKSM_ADMIN - PASS JTKSM_OC_ALL - PASS JTKSM_ADMIN_EQUOTA - PASS JTKSM_INSPECTOR_FWe - PASS JTKSM_INSPECTOR - PASS KP_APPRVL_ENDORSE - PASS KSM_STATE_ADMIN - PASS KSM_STATE_USER - PASS PTADBIR_ID_JTKSM - PASS PTADBIR_PEG_ID_BPA - PASS KSM_JTK_HQ_ADMIN - PASS | M9: YHUVAN / LUQMAN
A10: TC.TR.IDM.008 | F10: Check selection labels | I10: Selection list should be standardized (check uppercase/lowercase or unrelated symbols) | J10: PASS | L10: KESUMA ADMIN - PASS PTADBIR_ID_PERKESO - PASS PERKESO_STATE_ADMIN - PASS PERKESO_STATE_USER - PASS PERKESO_ADMIN_USER - PASS PERKESO_HQ - PASS KSM MENTERI - PASS KSM_JTK_USER - PASS JTKSM_INSPECTOR_WFW - PASS KSM_JTKSM_ADMIN - PASS JTKSM_OC_ALL - PASS JTKSM_ADMIN_EQUOTA - PASS JTKSM_INSPECTOR_FWe - PASS JTKSM_INSPECTOR - PASS KP_APPRVL_ENDORSE - PASS KSM_STATE_ADMIN - PASS KSM_STATE_USER - PASS PTADBIR_ID_JTKSM - PASS PTADBIR_PEG_ID_BPA - PASS KSM_JTK_HQ_ADMIN - PASS | M10: YHUVAN / LUQMAN
A11: TC.TR.IDM.009 | F11: Select from dropdown list | I11: Selected value should be displayed in field | J11: PASS | L11: KESUMA ADMIN - PASS PTADBIR_ID_PERKESO - PASS PERKESO_STATE_ADMIN - PASS PERKESO_STATE_USER - PASS PERKESO_ADMIN_USER - PASS PERKESO_HQ - PASS KSM MENTERI - PASS KSM_JTK_USER - PASS JTKSM_INSPECTOR_WFW - PASS KSM_JTKSM_ADMIN - PASS JTKSM_OC_ALL - PASS JTKSM_ADMIN_EQUOTA - PASS JTKSM_INSPECTOR_FWe - PASS JTKSM_INSPECTOR - PASS KP_APPRVL_ENDORSE - PASS KSM_STATE_ADMIN - PASS KSM_STATE_USER - PASS PTADBIR_ID_JTKSM - PASS PTADBIR_PEG_ID_BPA - PASS KSM_JTK_HQ_ADMIN - PASS | M11: YHUVAN / LUQMAN
A12: TC.TR.IDM.010 | D12: Pendaftaran Pengguna Baru - Lokasi Pejabat (Mandatory for all level) | F12: Verify default selection | I12: 1. Default display placeholder "- Sila Pilih -" 2. Option: Ibu Pejabat Cawangan | J12: PASS | L12: KESUMA ADMIN - PASS PTADBIR_ID_PERKESO - PASS PERKESO_STATE_ADMIN - PASS PERKESO_STATE_USER - PASS PERKESO_ADMIN_USER - PASS PERKESO_HQ - PASS KSM MENTERI - PASS KSM_JTK_USER - PASS JTKSM_INSPECTOR_WFW - PASS KSM_JTKSM_ADMIN - PASS JTKSM_OC_ALL - PASS JTKSM_ADMIN_EQUOTA - PASS JTKSM_INSPECTOR_FWe - PASS JTKSM_INSPECTOR - PASS KP_APPRVL_ENDORSE - PASS KSM_STATE_ADMIN - PASS KSM_STATE_USER - PASS PTADBIR_ID_JTKSM - PASS PTADBIR_PEG_ID_BPA - PASS KSM_JTK_HQ_ADMIN - PASS | M12: YHUVAN / LUQMAN
A13: TC.TR.IDM.011 | F13: Check for duplicate selection | I13: Selection list should not have duplicates | J13: PASS | L13: KESUMA ADMIN - PASS PTADBIR_ID_PERKESO - PASS PERKESO_STATE_ADMIN - PASS PERKESO_STATE_USER - PASS PERKESO_ADMIN_USER - PASS PERKESO_HQ - PASS KSM MENTERI - PASS KSM_JTK_USER - PASS JTKSM_INSPECTOR_WFW - PASS KSM_JTKSM_ADMIN - PASS JTKSM_OC_ALL - PASS JTKSM_ADMIN_EQUOTA - PASS JTKSM_INSPECTOR_FWe - PASS JTKSM_INSPECTOR - PASS KP_APPRVL_ENDORSE - PASS KSM_STATE_ADMIN - PASS KSM_STATE_USER - PASS PTADBIR_ID_JTKSM - PASS PTADBIR_PEG_ID_BPA - PASS KSM_JTK_HQ_ADMIN - PASS | M13: YHUVAN / LUQMAN
A14: TC.TR.IDM.012 | F14: Check selection labels | I14: Selection list should be standardized (check uppercase/lowercase or unrelated symbols) | J14: PASS | L14: KESUMA ADMIN - PASS PTADBIR_ID_PERKESO - PASS PERKESO_STATE_ADMIN - PASS PERKESO_STATE_USER - PASS PERKESO_ADMIN_USER - PASS PERKESO_HQ - PASS KSM MENTERI - PASS KSM_JTK_USER - PASS JTKSM_INSPECTOR_WFW - PASS KSM_JTKSM_ADMIN - PASS JTKSM_OC_ALL - PASS JTKSM_ADMIN_EQUOTA - PASS JTKSM_INSPECTOR_FWe - PASS JTKSM_INSPECTOR - PASS KP_APPRVL_ENDORSE - PASS KSM_STATE_ADMIN - PASS KSM_STATE_USER - PASS PTADBIR_ID_JTKSM - PASS PTADBIR_PEG_ID_BPA - PASS KSM_JTK_HQ_ADMIN - PASS | M14: YHUVAN / LUQMAN
A15: TC.TR.IDM.013 | F15: Select from dropdown list | I15: Selected value should be displayed in field | J15: PASS | L15: KESUMA ADMIN - PASS PTADBIR_ID_PERKESO - PASS PERKESO_STATE_ADMIN - PASS PERKESO_STATE_USER - PASS PERKESO_ADMIN_USER - PASS PERKESO_HQ - PASS KSM MENTERI - PASS KSM_JTK_USER - PASS JTKSM_INSPECTOR_WFW - PASS KSM_JTKSM_ADMIN - PASS JTKSM_OC_ALL - PASS JTKSM_ADMIN_EQUOTA - PASS JTKSM_INSPECTOR_FWe - PASS JTKSM_INSPECTOR - PASS KP_APPRVL_ENDORSE - PASS KSM_STATE_ADMIN - PASS KSM_STATE_USER - PASS PTADBIR_ID_JTKSM - PASS PTADBIR_PEG_ID_BPA - PASS KSM_JTK_HQ_ADMIN - PASS | M15: YHUVAN / LUQMAN
A16: TC.TR.IDM.014 | D16: Pendaftaran Pengguna Baru - Jabatan (Mandatory for all level) | F16: Verify default selection | I16: 1. Default display placeholder "- Sila Pilih -" 2. Option: JABATAN TENAGA KERJA SEMENANJUNG MALAYSIA (JTKSM) PERKESO | J16: PASS | L16: KESUMA ADMIN - PASS PTADBIR_ID_PERKESO - PASS PERKESO_STATE_ADMIN - PASS PERKESO_STATE_USER - PASS PERKESO_ADMIN_USER - PASS PERKESO_HQ - PASS KSM MENTERI - PASS KSM_JTK_USER - PASS JTKSM_INSPECTOR_WFW - PASS KSM_JTKSM_ADMIN - PASS JTKSM_OC_ALL - PASS JTKSM_ADMIN_EQUOTA - PASS JTKSM_INSPECTOR_FWe - PASS JTKSM_INSPECTOR - PASS KP_APPRVL_ENDORSE - PASS KSM_STATE_ADMIN - PASS KSM_STATE_USER - PASS PTADBIR_ID_JTKSM - PASS PTADBIR_PEG_ID_BPA - PASS KSM_JTK_HQ_ADMIN - PASS | M16: YHUVAN / LUQMAN
A17: TC.TR.IDM.015 | F17: Check for duplicate selection | I17: Selection list should not have duplicates | J17: PASS | L17: KESUMA ADMIN - PASS PTADBIR_ID_PERKESO - PASS PERKESO_STATE_ADMIN - PASS PERKESO_STATE_USER - PASS PERKESO_ADMIN_USER - PASS PERKESO_HQ - PASS KSM MENTERI - PASS KSM_JTK_USER - PASS JTKSM_INSPECTOR_WFW - PASS KSM_JTKSM_ADMIN - PASS JTKSM_OC_ALL - PASS JTKSM_ADMIN_EQUOTA - PASS JTKSM_INSPECTOR_FWe - PASS JTKSM_INSPECTOR - PASS KP_APPRVL_ENDORSE - PASS KSM_STATE_ADMIN - PASS KSM_STATE_USER - PASS PTADBIR_ID_JTKSM - PASS PTADBIR_PEG_ID_BPA - PASS KSM_JTK_HQ_ADMIN - PASS | M17: YHUVAN / LUQMAN
A18: TC.TR.IDM.016 | F18: Check selection labels | I18: Selection list should be standardized (check uppercase/lowercase or unrelated symbols) | J18: PASS | L18: KESUMA ADMIN - PASS PTADBIR_ID_PERKESO - PASS PERKESO_STATE_ADMIN - PASS PERKESO_STATE_USER - PASS PERKESO_ADMIN_USER - PASS PERKESO_HQ - PASS KSM MENTERI - PASS KSM_JTK_USER - PASS JTKSM_INSPECTOR_WFW - PASS KSM_JTKSM_ADMIN - PASS JTKSM_OC_ALL - PASS JTKSM_ADMIN_EQUOTA - PASS JTKSM_INSPECTOR_FWe - PASS JTKSM_INSPECTOR - PASS KP_APPRVL_ENDORSE - PASS KSM_STATE_ADMIN - PASS KSM_STATE_USER - PASS PTADBIR_ID_JTKSM - PASS PTADBIR_PEG_ID_BPA - PASS KSM_JTK_HQ_ADMIN - PASS | M18: YHUVAN / LUQMAN
A19: TC.TR.IDM.017 | F19: Select from dropdown list | I19: Selected value should be displayed in field | J19: PASS | L19: KESUMA ADMIN - PASS PTADBIR_ID_PERKESO - PASS PERKESO_STATE_ADMIN - PASS PERKESO_STATE_USER - PASS PERKESO_ADMIN_USER - PASS PERKESO_HQ - PASS KSM MENTERI - PASS KSM_JTK_USER - PASS JTKSM_INSPECTOR_WFW - PASS KSM_JTKSM_ADMIN - PASS JTKSM_OC_ALL - PASS JTKSM_ADMIN_EQUOTA - PASS JTKSM_INSPECTOR_FWe - PASS JTKSM_INSPECTOR - PASS KP_APPRVL_ENDORSE - PASS KSM_STATE_ADMIN - PASS KSM_STATE_USER - PASS PTADBIR_ID_JTKSM - PASS PTADBIR_PEG_ID_BPA - PASS KSM_JTK_HQ_ADMIN - PASS | M19: YHUVAN / LUQMAN
A20: TC.TR.IDM.018 | D20: Pendaftaran Pengguna Baru - Nama (Mandatory for all level) | F20: Enter minimum of 1 character and max 255 characters | I20: Able to enter minimum of 1 character and 255 maximum characters length and success to register | J20: PASS | L20: KESUMA ADMIN - PASS PTADBIR_ID_PERKESO - PASS PERKESO_STATE_ADMIN - PASS PERKESO_STATE_USER - PASS PERKESO_ADMIN_USER - PASS PERKESO_HQ - PASS KSM MENTERI - PASS KSM_JTK_USER - PASS JTKSM_INSPECTOR_WFW - PASS KSM_JTKSM_ADMIN - PASS JTKSM_OC_ALL - PASS JTKSM_ADMIN_EQUOTA - PASS JTKSM_INSPECTOR_FWe - PASS JTKSM_INSPECTOR - PASS KP_APPRVL_ENDORSE - PASS KSM_STATE_ADMIN - PASS KSM_STATE_USER - PASS PTADBIR_ID_JTKSM - PASS PTADBIR_PEG_ID_BPA - PASS KSM_JTK_HQ_ADMIN - PASS | M20: YHUVAN / LUQMAN
A21: TC.TR.IDM.019 | F21: Verify default to capital letter | I21: Default or auto to capital letter | J21: PASS | L21: KESUMA ADMIN - PASS PTADBIR_ID_PERKESO - PASS PERKESO_STATE_ADMIN - PASS PERKESO_STATE_USER - PASS PERKESO_ADMIN_USER - PASS PERKESO_HQ - PASS KSM MENTERI - PASS KSM_JTK_USER - PASS JTKSM_INSPECTOR_WFW - PASS KSM_JTKSM_ADMIN - PASS JTKSM_OC_ALL - PASS JTKSM_ADMIN_EQUOTA - PASS JTKSM_INSPECTOR_FWe - PASS JTKSM_INSPECTOR - PASS KP_APPRVL_ENDORSE - PASS KSM_STATE_ADMIN - PASS KSM_STATE_USER - PASS PTADBIR_ID_JTKSM - PASS PTADBIR_PEG_ID_BPA - PASS KSM_JTK_HQ_ADMIN - PASS | M21: YHUVAN / LUQMAN
A22: TC.TR.IDM.020 | F22: Enter combination character type | I22: Able to enter combination of alphabet,numeric and special character | J22: PASS | L22: KESUMA ADMIN - PASS PTADBIR_ID_PERKESO - PASS PERKESO_STATE_ADMIN - PASS PERKESO_STATE_USER - PASS PERKESO_ADMIN_USER - PASS PERKESO_HQ - PASS KSM MENTERI - PASS KSM_JTK_USER - PASS JTKSM_INSPECTOR_WFW - PASS KSM_JTKSM_ADMIN - PASS JTKSM_OC_ALL - PASS JTKSM_ADMIN_EQUOTA - PASS JTKSM_INSPECTOR_FWe - PASS JTKSM_INSPECTOR - PASS KP_APPRVL_ENDORSE - PASS KSM_STATE_ADMIN - PASS KSM_STATE_USER - PASS PTADBIR_ID_JTKSM - PASS PTADBIR_PEG_ID_BPA - PASS KSM_JTK_HQ_ADMIN - PASS | M22: YHUVAN / LUQMAN
A23: TC.TR.IDM.021 | D23: Pendaftaran Pengguna Baru - Nombor Telefon (Mandatory for all level) | F23: Enter 11 numbers (maximum = 11 numbers) | I23: Able to enter 11 numbers length | J23: PASS | L23: KESUMA ADMIN - PASS PTADBIR_ID_PERKESO - PASS PERKESO_STATE_ADMIN - PASS PERKESO_STATE_USER - PASS PERKESO_ADMIN_USER - PASS PERKESO_HQ - PASS KSM MENTERI - PASS KSM_JTK_USER - PASS JTKSM_INSPECTOR_WFW - PASS KSM_JTKSM_ADMIN - PASS JTKSM_OC_ALL - PASS JTKSM_ADMIN_EQUOTA - PASS JTKSM_INSPECTOR_FWe - PASS JTKSM_INSPECTOR - PASS KP_APPRVL_ENDORSE - PASS KSM_STATE_ADMIN - PASS KSM_STATE_USER - PASS PTADBIR_ID_JTKSM - PASS PTADBIR_PEG_ID_BPA - PASS KSM_JTK_HQ_ADMIN - PASS | M23: YHUVAN / LUQMAN
A24: TC.TR.IDM.022 | F24: Enter 12 numbers | I24: Unable to enter 12 numbers length | J24: PASS | L24: KESUMA ADMIN - PASS PTADBIR_ID_PERKESO - PASS PERKESO_STATE_ADMIN - PASS PERKESO_STATE_USER - PASS PERKESO_ADMIN_USER - PASS PERKESO_HQ - PASS KSM MENTERI - PASS KSM_JTK_USER - PASS JTKSM_INSPECTOR_WFW - PASS KSM_JTKSM_ADMIN - PASS JTKSM_OC_ALL - PASS JTKSM_ADMIN_EQUOTA - PASS JTKSM_INSPECTOR_FWe - PASS JTKSM_INSPECTOR - PASS KP_APPRVL_ENDORSE - PASS KSM_STATE_ADMIN - PASS KSM_STATE_USER - PASS PTADBIR_ID_JTKSM - PASS PTADBIR_PEG_ID_BPA - PASS KSM_JTK_HQ_ADMIN - PASS | M24: YHUVAN / LUQMAN
A25: TC.TR.IDM.023 | F25: Enter alphabets | I25: 1. Unable to enter alphabets 2. Display proper error message | J25: PASS | L25: KESUMA ADMIN - PASS PTADBIR_ID_PERKESO - PASS PERKESO_STATE_ADMIN - PASS PERKESO_STATE_USER - PASS PERKESO_ADMIN_USER - PASS PERKESO_HQ - PASS KSM MENTERI - PASS KSM_JTK_USER - PASS JTKSM_INSPECTOR_WFW - PASS KSM_JTKSM_ADMIN - PASS JTKSM_OC_ALL - PASS JTKSM_ADMIN_EQUOTA - PASS JTKSM_INSPECTOR_FWe - PASS JTKSM_INSPECTOR - PASS KP_APPRVL_ENDORSE - PASS KSM_STATE_ADMIN - PASS KSM_STATE_USER - PASS PTADBIR_ID_JTKSM - PASS PTADBIR_PEG_ID_BPA - PASS KSM_JTK_HQ_ADMIN - PASS | M25: YHUVAN / LUQMAN
A26: TC.TR.IDM.024 | F26: Verify place holder name in No. Telefon are correct in cipta pengguna page | I26: example value: BM cth: 0123456789 BI e.g.: 0123456789 | J26: PASS | L26: KESUMA ADMIN - PASS PTADBIR_ID_PERKESO - PASS PERKESO_STATE_ADMIN - PASS PERKESO_STATE_USER - PASS PERKESO_ADMIN_USER - PASS PERKESO_HQ - PASS KSM MENTERI - PASS KSM_JTK_USER - PASS JTKSM_INSPECTOR_WFW - PASS KSM_JTKSM_ADMIN - PASS JTKSM_OC_ALL - PASS JTKSM_ADMIN_EQUOTA - PASS JTKSM_INSPECTOR_FWe - PASS JTKSM_INSPECTOR - PASS KP_APPRVL_ENDORSE - PASS KSM_STATE_ADMIN - PASS KSM_STATE_USER - PASS PTADBIR_ID_JTKSM - PASS PTADBIR_PEG_ID_BPA - PASS KSM_JTK_HQ_ADMIN - PASS | M26: YHUVAN / LUQMAN
A27: TC.TR.IDM.025 | D27: Pendaftaran Pengguna Baru - Tarikh Lahir (Mandatory for all level) | F27: Select from date picker | I27: 1. Able to click/select date from date calendar 2. Verify date format is correct (dd/mm/yyyy) 3. Disable selection of future date | J27: PASS | L27: KESUMA ADMIN - PASS PTADBIR_ID_PERKESO - PASS PERKESO_STATE_ADMIN - PASS PERKESO_STATE_USER - PASS PERKESO_ADMIN_USER - PASS PERKESO_HQ - PASS KSM MENTERI - PASS KSM_JTK_USER - PASS JTKSM_INSPECTOR_WFW - PASS KSM_JTKSM_ADMIN - PASS JTKSM_OC_ALL - PASS JTKSM_ADMIN_EQUOTA - PASS JTKSM_INSPECTOR_FWe - PASS JTKSM_INSPECTOR - PASS KP_APPRVL_ENDORSE - PASS KSM_STATE_ADMIN - PASS KSM_STATE_USER - PASS PTADBIR_ID_JTKSM - PASS PTADBIR_PEG_ID_BPA - PASS KSM_JTK_HQ_ADMIN - PASS | M27: YHUVAN / LUQMAN
A28: TC.TR.IDM.026 | D28: Pendaftaran Pengguna Baru - Jantina (Mandatory for all level) | F28: Select radio button | I28: 1. Initially not be pre-selected 2. Only 1 radio button can be selected at any one time Option: Lelaki Perempuan | J28: PASS | L28: KESUMA ADMIN - PASS PTADBIR_ID_PERKESO - PASS PERKESO_STATE_ADMIN - PASS PERKESO_STATE_USER - PASS PERKESO_ADMIN_USER - PASS PERKESO_HQ - PASS KSM MENTERI - PASS KSM_JTK_USER - PASS JTKSM_INSPECTOR_WFW - PASS KSM_JTKSM_ADMIN - PASS JTKSM_OC_ALL - PASS JTKSM_ADMIN_EQUOTA - PASS JTKSM_INSPECTOR_FWe - PASS JTKSM_INSPECTOR - PASS KP_APPRVL_ENDORSE - PASS KSM_STATE_ADMIN - PASS KSM_STATE_USER - PASS PTADBIR_ID_JTKSM - PASS PTADBIR_PEG_ID_BPA - PASS KSM_JTK_HQ_ADMIN - PASS | M28: YHUVAN / LUQMAN
A29: TC.TR.IDM.027 | F29: Change selection | I29: User should be able to freely change between selection | J29: PASS | L29: KESUMA ADMIN - PASS PTADBIR_ID_PERKESO - PASS PERKESO_STATE_ADMIN - PASS PERKESO_STATE_USER - PASS PERKESO_ADMIN_USER - PASS PERKESO_HQ - PASS KSM MENTERI - PASS KSM_JTK_USER - PASS JTKSM_INSPECTOR_WFW - PASS KSM_JTKSM_ADMIN - PASS JTKSM_OC_ALL - PASS JTKSM_ADMIN_EQUOTA - PASS JTKSM_INSPECTOR_FWe - PASS JTKSM_INSPECTOR - PASS KP_APPRVL_ENDORSE - PASS KSM_STATE_ADMIN - PASS KSM_STATE_USER - PASS PTADBIR_ID_JTKSM - PASS PTADBIR_PEG_ID_BPA - PASS KSM_JTK_HQ_ADMIN - PASS | M29: YHUVAN / LUQMAN
A30: TC.TR.IDM.028 | D30: Pendaftaran Pengguna Baru - Emel (Mandatory for all level) | F30: Enter invalid format | I30: Display proper error message | J30: PASS | L30: KESUMA ADMIN - PASS PTADBIR_ID_PERKESO - PASS PERKESO_STATE_ADMIN - PASS PERKESO_STATE_USER - PASS PERKESO_ADMIN_USER - PASS PERKESO_HQ - PASS KSM MENTERI - PASS KSM_JTK_USER - PASS JTKSM_INSPECTOR_WFW - PASS KSM_JTKSM_ADMIN - PASS JTKSM_OC_ALL - PASS JTKSM_ADMIN_EQUOTA - PASS JTKSM_INSPECTOR_FWe - PASS JTKSM_INSPECTOR - PASS KP_APPRVL_ENDORSE - PASS KSM_STATE_ADMIN - PASS KSM_STATE_USER - PASS PTADBIR_ID_JTKSM - PASS PTADBIR_PEG_ID_BPA - PASS KSM_JTK_HQ_ADMIN - PASS | M30: YHUVAN / LUQMAN
A31: TC.TR.IDM.029 | F31: Enter existing email (email need to be unique) | I31: Display proper error message: "Alamat e-mel ini telah didaftarkan. Sila gunakan alamat e-mel lain utk pendaftaran" | J31: PASS | L31: KESUMA ADMIN - PASS PTADBIR_ID_PERKESO - PASS PERKESO_STATE_ADMIN - PASS PERKESO_STATE_USER - PASS PERKESO_ADMIN_USER - PASS PERKESO_HQ - PASS KSM MENTERI - PASS KSM_JTK_USER - PASS JTKSM_INSPECTOR_WFW - PASS KSM_JTKSM_ADMIN - PASS JTKSM_OC_ALL - PASS JTKSM_ADMIN_EQUOTA - PASS JTKSM_INSPECTOR_FWe - PASS JTKSM_INSPECTOR - PASS KP_APPRVL_ENDORSE - PASS KSM_STATE_ADMIN - PASS KSM_STATE_USER - PASS PTADBIR_ID_JTKSM - PASS PTADBIR_PEG_ID_BPA - PASS KSM_JTK_HQ_ADMIN - PASS | M31: YHUVAN / LUQMAN
A32: TC.TR.IDM.030 | D32: Pendaftaran Pengguna Baru - Jawatan (Mandatory for all level) | F32: Verify default selection | I32: 1. Default display placeholder "-Sila Pilih-" 2. Option: SETIAUSAHA BAHAGIAN SETIAUSAHA PEJABAT TIMBALAN SETIAUSAHA BAHAGIAN PEMBANTU SETIAUSAHA PEJABAT TIMBALAN SETIAUSAHA BAHAGIAN (UNIT OSC PEKERJA ASING) SETIAUSAHA PEJABAT (UNIT OSC PEKERJA ASING) KETUA PENOLONG SETIAUSAHA (UNIT OPERASI) PENOLONG SETIAUSAHA (UNIT OPERASI) PENOLONG PEGAWAI TADBIR (UNIT OPERASI) PEMBANTU OPERASI (UNIT OPERASI) | J32: PASS | L32: KESUMA ADMIN - PASS PTADBIR_ID_PERKESO - PASS PERKESO_STATE_ADMIN - PASS PERKESO_STATE_USER - PASS PERKESO_ADMIN_USER - PASS PERKESO_HQ - PASS KSM MENTERI - PASS KSM_JTK_USER - PASS JTKSM_INSPECTOR_WFW - PASS KSM_JTKSM_ADMIN - PASS JTKSM_OC_ALL - PASS JTKSM_ADMIN_EQUOTA - PASS JTKSM_INSPECTOR_FWe - PASS JTKSM_INSPECTOR - PASS KP_APPRVL_ENDORSE - PASS KSM_STATE_ADMIN - PASS KSM_STATE_USER - PASS PTADBIR_ID_JTKSM - PASS PTADBIR_PEG_ID_BPA - PASS KSM_JTK_HQ_ADMIN - PASS | M32: YHUVAN / LUQMAN
A33: TC.TR.IDM.031 | F33: Check for duplicate selection | I33: Selection list should not have duplicates | J33: PASS | L33: KESUMA ADMIN - PASS PTADBIR_ID_PERKESO - PASS PERKESO_STATE_ADMIN - PASS PERKESO_STATE_USER - PASS PERKESO_ADMIN_USER - PASS PERKESO_HQ - PASS KSM MENTERI - PASS KSM_JTK_USER - PASS JTKSM_INSPECTOR_WFW - PASS KSM_JTKSM_ADMIN - PASS JTKSM_OC_ALL - PASS JTKSM_ADMIN_EQUOTA - PASS JTKSM_INSPECTOR_FWe - PASS JTKSM_INSPECTOR - PASS KP_APPRVL_ENDORSE - PASS KSM_STATE_ADMIN - PASS KSM_STATE_USER - PASS PTADBIR_ID_JTKSM - PASS PTADBIR_PEG_ID_BPA - PASS KSM_JTK_HQ_ADMIN - PASS | M33: YHUVAN / LUQMAN
A34: TC.TR.IDM.032 | F34: Check selection labels | I34: Selection list should be standardized (check uppercase/lowercase or unrelated symbols) | J34: PASS | L34: KESUMA ADMIN - PASS PTADBIR_ID_PERKESO - PASS PERKESO_STATE_ADMIN - PASS PERKESO_STATE_USER - PASS PERKESO_ADMIN_USER - PASS PERKESO_HQ - PASS KSM MENTERI - PASS KSM_JTK_USER - PASS JTKSM_INSPECTOR_WFW - PASS KSM_JTKSM_ADMIN - PASS JTKSM_OC_ALL - PASS JTKSM_ADMIN_EQUOTA - PASS JTKSM_INSPECTOR_FWe - PASS JTKSM_INSPECTOR - PASS KP_APPRVL_ENDORSE - PASS KSM_STATE_ADMIN - PASS KSM_STATE_USER - PASS PTADBIR_ID_JTKSM - PASS PTADBIR_PEG_ID_BPA - PASS KSM_JTK_HQ_ADMIN - PASS | M34: YHUVAN / LUQMAN
A35: TC.TR.IDM.033 | F35: Select from dropdown list | I35: Selected value should be displayed in field | J35: PASS | L35: KESUMA ADMIN - PASS PTADBIR_ID_PERKESO - PASS PERKESO_STATE_ADMIN - PASS PERKESO_STATE_USER - PASS PERKESO_ADMIN_USER - PASS PERKESO_HQ - PASS KSM MENTERI - PASS KSM_JTK_USER - PASS JTKSM_INSPECTOR_WFW - PASS KSM_JTKSM_ADMIN - PASS JTKSM_OC_ALL - PASS JTKSM_ADMIN_EQUOTA - PASS JTKSM_INSPECTOR_FWe - PASS JTKSM_INSPECTOR - PASS KP_APPRVL_ENDORSE - PASS KSM_STATE_ADMIN - PASS KSM_STATE_USER - PASS PTADBIR_ID_JTKSM - PASS PTADBIR_PEG_ID_BPA - PASS KSM_JTK_HQ_ADMIN - PASS | M35: YHUVAN / LUQMAN
A36: TC.TR.IDM.034 | D36: Pendaftaran Pengguna Baru - No MyKad (Mandatory for all level) | F36: Enter alphabets | I36: 1. Unable to enter alphabets 2. Display proper error message | J36: PASS | L36: KESUMA ADMIN - PASS PTADBIR_ID_PERKESO - PASS PERKESO_STATE_ADMIN - PASS PERKESO_STATE_USER - PASS PERKESO_ADMIN_USER - PASS PERKESO_HQ - PASS KSM MENTERI - PASS KSM_JTK_USER - PASS JTKSM_INSPECTOR_WFW - PASS KSM_JTKSM_ADMIN - PASS JTKSM_OC_ALL - PASS JTKSM_ADMIN_EQUOTA - PASS JTKSM_INSPECTOR_FWe - PASS JTKSM_INSPECTOR - PASS KP_APPRVL_ENDORSE - PASS KSM_STATE_ADMIN - PASS KSM_STATE_USER - PASS PTADBIR_ID_JTKSM - PASS PTADBIR_PEG_ID_BPA - PASS KSM_JTK_HQ_ADMIN - PASS | M36: YHUVAN / LUQMAN
A37: TC.TR.IDM.035 | F37: Enter existing mykad number (mykad need to be unique) | I37: Display proper error message | J37: PASS | L37: KESUMA ADMIN - PASS PTADBIR_ID_PERKESO - PASS PERKESO_STATE_ADMIN - PASS PERKESO_STATE_USER - PASS PERKESO_ADMIN_USER - PASS PERKESO_HQ - PASS KSM MENTERI - PASS KSM_JTK_USER - PASS JTKSM_INSPECTOR_WFW - PASS KSM_JTKSM_ADMIN - PASS JTKSM_OC_ALL - PASS JTKSM_ADMIN_EQUOTA - PASS JTKSM_INSPECTOR_FWe - PASS JTKSM_INSPECTOR - PASS KP_APPRVL_ENDORSE - PASS KSM_STATE_ADMIN - PASS KSM_STATE_USER - PASS PTADBIR_ID_JTKSM - PASS PTADBIR_PEG_ID_BPA - PASS KSM_JTK_HQ_ADMIN - PASS | M37: YHUVAN / LUQMAN
A38: TC.TR.IDM.036 | D38: Pendaftaran Pengguna Baru - Peranan Pengguna (Mandatory for all level) | F38: Verify default selection | I38: 1. Default display placeholder "-Sila Pilih-" 2. Option: | J38: PASS | L38: KESUMA ADMIN - PASS PTADBIR_ID_PERKESO - PASS PERKESO_STATE_ADMIN - PASS PERKESO_STATE_USER - PASS PERKESO_ADMIN_USER - PASS PERKESO_HQ - PASS KSM MENTERI - PASS KSM_JTK_USER - PASS JTKSM_INSPECTOR_WFW - PASS KSM_JTKSM_ADMIN - PASS JTKSM_OC_ALL - PASS JTKSM_ADMIN_EQUOTA - PASS JTKSM_INSPECTOR_FWe - PASS JTKSM_INSPECTOR - PASS KP_APPRVL_ENDORSE - PASS KSM_STATE_ADMIN - PASS KSM_STATE_USER - PASS PTADBIR_ID_JTKSM - PASS PTADBIR_PEG_ID_BPA - PASS KSM_JTK_HQ_ADMIN - PASS | M38: YHUVAN / LUQMAN
A39: TC.TR.IDM.037 | F39: Check for duplicate selection | I39: Selection list should not have duplicates | J39: PASS | L39: KESUMA ADMIN - PASS PTADBIR_ID_PERKESO - PASS PERKESO_STATE_ADMIN - PASS PERKESO_STATE_USER - PASS PERKESO_ADMIN_USER - PASS PERKESO_HQ - PASS KSM MENTERI - PASS KSM_JTK_USER - PASS JTKSM_INSPECTOR_WFW - PASS KSM_JTKSM_ADMIN - PASS JTKSM_OC_ALL - PASS JTKSM_ADMIN_EQUOTA - PASS JTKSM_INSPECTOR_FWe - PASS JTKSM_INSPECTOR - PASS KP_APPRVL_ENDORSE - PASS KSM_STATE_ADMIN - PASS KSM_STATE_USER - PASS PTADBIR_ID_JTKSM - PASS PTADBIR_PEG_ID_BPA - PASS KSM_JTK_HQ_ADMIN - PASS | M39: YHUVAN / LUQMAN
A40: TC.TR.IDM.038 | F40: Check selection labels | I40: Selection list should be standardized (check uppercase/lowercase or unrelated symbols) | J40: PASS | L40: KESUMA ADMIN - PASS PTADBIR_ID_PERKESO - PASS PERKESO_STATE_ADMIN - PASS PERKESO_STATE_USER - PASS PERKESO_ADMIN_USER - PASS PERKESO_HQ - PASS KSM MENTERI - PASS KSM_JTK_USER - PASS JTKSM_INSPECTOR_WFW - PASS KSM_JTKSM_ADMIN - PASS JTKSM_OC_ALL - PASS JTKSM_ADMIN_EQUOTA - PASS JTKSM_INSPECTOR_FWe - PASS JTKSM_INSPECTOR - PASS KP_APPRVL_ENDORSE - PASS KSM_STATE_ADMIN - PASS KSM_STATE_USER - PASS PTADBIR_ID_JTKSM - PASS PTADBIR_PEG_ID_BPA - PASS KSM_JTK_HQ_ADMIN - PASS | M40: YHUVAN / LUQMAN
A41: TC.TR.IDM.039 | F41: Select from dropdown list | I41: Selected value should be displayed in field | J41: PASS | L41: KESUMA ADMIN - PASS PTADBIR_ID_PERKESO - PASS PERKESO_STATE_ADMIN - PASS PERKESO_STATE_USER - PASS PERKESO_ADMIN_USER - PASS PERKESO_HQ - PASS KSM MENTERI - PASS KSM_JTK_USER - PASS JTKSM_INSPECTOR_WFW - PASS KSM_JTKSM_ADMIN - PASS JTKSM_OC_ALL - PASS JTKSM_ADMIN_EQUOTA - PASS JTKSM_INSPECTOR_FWe - PASS JTKSM_INSPECTOR - PASS KP_APPRVL_ENDORSE - PASS KSM_STATE_ADMIN - PASS KSM_STATE_USER - PASS PTADBIR_ID_JTKSM - PASS PTADBIR_PEG_ID_BPA - PASS KSM_JTK_HQ_ADMIN - PASS | M41: YHUVAN / LUQMAN
A42: TC.TR.IDM.040 | D42: Pendaftaran Pengguna Baru - Dokumen Sokongan (Mandatory field for Level 2 only) | F42: Upload invalid file type | I42: Display proper error message | J42: PASS | L42: KESUMA ADMIN - PASS PTADBIR_ID_PERKESO - PASS PERKESO_STATE_ADMIN - PASS PERKESO_STATE_USER - PASS PERKESO_ADMIN_USER - PASS PERKESO_HQ - PASS KSM MENTERI - PASS KSM_JTK_USER - PASS JTKSM_INSPECTOR_WFW - PASS KSM_JTKSM_ADMIN - PASS JTKSM_OC_ALL - PASS JTKSM_ADMIN_EQUOTA - PASS JTKSM_INSPECTOR_FWe - PASS JTKSM_INSPECTOR - PASS KP_APPRVL_ENDORSE - PASS KSM_STATE_ADMIN - PASS KSM_STATE_USER - PASS PTADBIR_ID_JTKSM - PASS PTADBIR_PEG_ID_BPA - PASS KSM_JTK_HQ_ADMIN - PASS | M42: YHUVAN / LUQMAN
A43: TC.TR.IDM.041 | F43: Upload file larger than maximum allowed | I43: Display proper error message | J43: PASS | L43: KESUMA ADMIN - PASS PTADBIR_ID_PERKESO - PASS PERKESO_STATE_ADMIN - PASS PERKESO_STATE_USER - PASS PERKESO_ADMIN_USER - PASS PERKESO_HQ - PASS KSM MENTERI - PASS KSM_JTK_USER - PASS JTKSM_INSPECTOR_WFW - PASS KSM_JTKSM_ADMIN - PASS JTKSM_OC_ALL - PASS JTKSM_ADMIN_EQUOTA - PASS JTKSM_INSPECTOR_FWe - PASS JTKSM_INSPECTOR - PASS KP_APPRVL_ENDORSE - PASS KSM_STATE_ADMIN - PASS KSM_STATE_USER - PASS PTADBIR_ID_JTKSM - PASS PTADBIR_PEG_ID_BPA - PASS KSM_JTK_HQ_ADMIN - PASS | M43: YHUVAN / LUQMAN
A44: TC.TR.IDM.042 | F44: Re-upload another file after first time upload | I44: Allow re-upload | J44: PASS | L44: KESUMA ADMIN - PASS PTADBIR_ID_PERKESO - PASS PERKESO_STATE_ADMIN - PASS PERKESO_STATE_USER - PASS PERKESO_ADMIN_USER - PASS PERKESO_HQ - PASS KSM MENTERI - PASS KSM_JTK_USER - PASS JTKSM_INSPECTOR_WFW - PASS KSM_JTKSM_ADMIN - PASS JTKSM_OC_ALL - PASS JTKSM_ADMIN_EQUOTA - PASS JTKSM_INSPECTOR_FWe - PASS JTKSM_INSPECTOR - PASS KP_APPRVL_ENDORSE - PASS KSM_STATE_ADMIN - PASS KSM_STATE_USER - PASS PTADBIR_ID_JTKSM - PASS PTADBIR_PEG_ID_BPA - PASS KSM_JTK_HQ_ADMIN - PASS | M44: YHUVAN / LUQMAN
A45: TC.TR.IDM.043 | F45: Remove uploaded file (Remove button) | I45: Field empty after remove | J45: PASS | L45: KESUMA ADMIN - PASS PTADBIR_ID_PERKESO - PASS PERKESO_STATE_ADMIN - PASS PERKESO_STATE_USER - PASS PERKESO_ADMIN_USER - PASS PERKESO_HQ - PASS KSM MENTERI - PASS KSM_JTK_USER - PASS JTKSM_INSPECTOR_WFW - PASS KSM_JTKSM_ADMIN - PASS JTKSM_OC_ALL - PASS JTKSM_ADMIN_EQUOTA - PASS JTKSM_INSPECTOR_FWe - PASS JTKSM_INSPECTOR - PASS KP_APPRVL_ENDORSE - PASS KSM_STATE_ADMIN - PASS KSM_STATE_USER - PASS PTADBIR_ID_JTKSM - PASS PTADBIR_PEG_ID_BPA - PASS KSM_JTK_HQ_ADMIN - PASS | M45: YHUVAN / LUQMAN
A46: TC.TR.IDM.044 | F46: Viewback file uploaded | I46: Uploaded files should remain in fields when viewback | J46: PASS | L46: KESUMA ADMIN - PASS PTADBIR_ID_PERKESO - PASS PERKESO_STATE_ADMIN - PASS PERKESO_STATE_USER - PASS PERKESO_ADMIN_USER - PASS PERKESO_HQ - PASS KSM MENTERI - PASS KSM_JTK_USER - PASS JTKSM_INSPECTOR_WFW - PASS KSM_JTKSM_ADMIN - PASS JTKSM_OC_ALL - PASS JTKSM_ADMIN_EQUOTA - PASS JTKSM_INSPECTOR_FWe - PASS JTKSM_INSPECTOR - PASS KP_APPRVL_ENDORSE - PASS KSM_STATE_ADMIN - PASS KSM_STATE_USER - PASS PTADBIR_ID_JTKSM - PASS PTADBIR_PEG_ID_BPA - PASS KSM_JTK_HQ_ADMIN - PASS | M46: YHUVAN / LUQMAN
A47: TC.TR.IDM.045 | F47: Verify tooltip is display for Dokumen Sokongan field | G47: 1. Open gov2v2 link 2. Click Pendaftaran Baharu 3. Observe | I47: Tooltip display successfully | J47: PASS | L47: KESUMA ADMIN - PASS PTADBIR_ID_PERKESO - PASS PERKESO_STATE_ADMIN - PASS PERKESO_STATE_USER - PASS PERKESO_ADMIN_USER - PASS PERKESO_HQ - PASS KSM MENTERI - PASS KSM_JTK_USER - PASS JTKSM_INSPECTOR_WFW - PASS KSM_JTKSM_ADMIN - PASS JTKSM_OC_ALL - PASS JTKSM_ADMIN_EQUOTA - PASS JTKSM_INSPECTOR_FWe - PASS JTKSM_INSPECTOR - PASS KP_APPRVL_ENDORSE - PASS KSM_STATE_ADMIN - PASS KSM_STATE_USER - PASS PTADBIR_ID_JTKSM - PASS PTADBIR_PEG_ID_BPA - PASS KSM_JTK_HQ_ADMIN - PASS | M47: YHUVAN / LUQMAN
A48: TC.TR.IDM.046 | D48: Pendaftaran Pengguna Baru - Keterangan Tugasan (Mandatory for all level) | F48: Enter maximum character (maximum = 1000 characters) | I48: Able to save maximum characters | J48: PASS | L48: KESUMA ADMIN - PASS PTADBIR_ID_PERKESO - PASS PERKESO_STATE_ADMIN - PASS PERKESO_STATE_USER - PASS PERKESO_ADMIN_USER - PASS PERKESO_HQ - PASS KSM MENTERI - PASS KSM_JTK_USER - PASS JTKSM_INSPECTOR_WFW - PASS KSM_JTKSM_ADMIN - PASS JTKSM_OC_ALL - PASS JTKSM_ADMIN_EQUOTA - PASS JTKSM_INSPECTOR_FWe - PASS JTKSM_INSPECTOR - PASS KP_APPRVL_ENDORSE - PASS KSM_STATE_ADMIN - PASS KSM_STATE_USER - PASS PTADBIR_ID_JTKSM - PASS PTADBIR_PEG_ID_BPA - PASS KSM_JTK_HQ_ADMIN - PASS | M48: YHUVAN / LUQMAN
A49: TC.TR.IDM.047 | F49: Enter combination character type | I49: Able to enter combination of alphabet,numeric and special character | J49: PASS | L49: KESUMA ADMIN - PASS PTADBIR_ID_PERKESO - PASS PERKESO_STATE_ADMIN - PASS PERKESO_STATE_USER - PASS PERKESO_ADMIN_USER - PASS PERKESO_HQ - PASS KSM MENTERI - PASS KSM_JTK_USER - PASS JTKSM_INSPECTOR_WFW - PASS KSM_JTKSM_ADMIN - PASS JTKSM_OC_ALL - PASS JTKSM_ADMIN_EQUOTA - PASS JTKSM_INSPECTOR_FWe - PASS JTKSM_INSPECTOR - PASS KP_APPRVL_ENDORSE - PASS KSM_STATE_ADMIN - PASS KSM_STATE_USER - PASS PTADBIR_ID_JTKSM - PASS PTADBIR_PEG_ID_BPA - PASS KSM_JTK_HQ_ADMIN - PASS | M49: YHUVAN / LUQMAN
A50: TC.TR.IDM.048 | D50: Submit Button | F50: Submit with all mandatory field | I50: 1. System able to submit application 2. Success message as per requirement (Green) 3. Receive Email: Subject > "Permohonan Permohonan ID dihantar untuk Sokongan" | J50: PASS | L50: KESUMA ADMIN - PASS PTADBIR_ID_PERKESO - PASS PERKESO_STATE_ADMIN - PASS PERKESO_STATE_USER - PASS PERKESO_ADMIN_USER - PASS PERKESO_HQ - PASS KSM MENTERI - PASS KSM_JTK_USER - PASS JTKSM_INSPECTOR_WFW - PASS KSM_JTKSM_ADMIN - PASS JTKSM_OC_ALL - PASS JTKSM_ADMIN_EQUOTA - PASS JTKSM_INSPECTOR_FWe - PASS JTKSM_INSPECTOR - PASS KP_APPRVL_ENDORSE - PASS KSM_STATE_ADMIN - PASS KSM_STATE_USER - PASS PTADBIR_ID_JTKSM - PASS PTADBIR_PEG_ID_BPA - PASS KSM_JTK_HQ_ADMIN - PASS | M50: YHUVAN / LUQMAN
A51: TC.TR.IDM.049 | F51: Verify submit without mandatory field | I51: Display proper error message (Red) | J51: PASS | L51: KESUMA ADMIN - PASS PTADBIR_ID_PERKESO - PASS PERKESO_STATE_ADMIN - PASS PERKESO_STATE_USER - PASS PERKESO_ADMIN_USER - PASS PERKESO_HQ - PASS KSM MENTERI - PASS KSM_JTK_USER - PASS JTKSM_INSPECTOR_WFW - PASS KSM_JTKSM_ADMIN - PASS JTKSM_OC_ALL - PASS JTKSM_ADMIN_EQUOTA - PASS JTKSM_INSPECTOR_FWe - PASS JTKSM_INSPECTOR - PASS KP_APPRVL_ENDORSE - PASS KSM_STATE_ADMIN - PASS KSM_STATE_USER - PASS PTADBIR_ID_JTKSM - PASS PTADBIR_PEG_ID_BPA - PASS KSM_JTK_HQ_ADMIN - PASS | M51: YHUVAN / LUQMAN
A52: TC.TR.IDM.050 | F52: Verify submit Registration of status "Pending Endorsement" | I52: Display proper error message in pop up message box (Red): "Permohonan Permohonan ID masih dalam proses sokongan. Pendaftaran baharu tidak dibenarkan" | J52: PASS | L52: KESUMA ADMIN - PASS PTADBIR_ID_PERKESO - PASS PERKESO_STATE_ADMIN - PASS PERKESO_STATE_USER - PASS PERKESO_ADMIN_USER - PASS PERKESO_HQ - PASS KSM MENTERI - PASS KSM_JTK_USER - PASS JTKSM_INSPECTOR_WFW - PASS KSM_JTKSM_ADMIN - PASS JTKSM_OC_ALL - PASS JTKSM_ADMIN_EQUOTA - PASS JTKSM_INSPECTOR_FWe - PASS JTKSM_INSPECTOR - PASS KP_APPRVL_ENDORSE - PASS KSM_STATE_ADMIN - PASS KSM_STATE_USER - PASS PTADBIR_ID_JTKSM - PASS PTADBIR_PEG_ID_BPA - PASS KSM_JTK_HQ_ADMIN - PASS | M52: YHUVAN / LUQMAN
A53: TC.TR.IDM.051 | F53: Verify submit Registration of status "Pending Approval" | I53: Display proper error message in pop up message box (Red): "Permohonan Permohonan ID masih dalam proses kelulusan. Pendaftaran baharu tidak dibenarkan" | J53: PASS | L53: KESUMA ADMIN - PASS PTADBIR_ID_PERKESO - PASS PERKESO_STATE_ADMIN - PASS PERKESO_STATE_USER - PASS PERKESO_ADMIN_USER - PASS PERKESO_HQ - PASS KSM MENTERI - PASS KSM_JTK_USER - PASS JTKSM_INSPECTOR_WFW - PASS KSM_JTKSM_ADMIN - PASS JTKSM_OC_ALL - PASS JTKSM_ADMIN_EQUOTA - PASS JTKSM_INSPECTOR_FWe - PASS JTKSM_INSPECTOR - PASS KP_APPRVL_ENDORSE - PASS KSM_STATE_ADMIN - PASS KSM_STATE_USER - PASS PTADBIR_ID_JTKSM - PASS PTADBIR_PEG_ID_BPA - PASS KSM_JTK_HQ_ADMIN - PASS | M53: YHUVAN / LUQMAN
A54: TC.TR.IDM.052 | F54: Verify submit Registration of status "Not Active" (I) | I54: Display proper error message in pop up message box (Red): "ID telah wujud tetapi tidak aktif. Sila berhubung dengan Pentadbir ID untuk mengaktifkan semula ID" | J54: PASS | L54: KESUMA ADMIN - PASS PTADBIR_ID_PERKESO - PASS PERKESO_STATE_ADMIN - PASS PERKESO_STATE_USER - PASS PERKESO_ADMIN_USER - PASS PERKESO_HQ - PASS KSM MENTERI - PASS KSM_JTK_USER - PASS JTKSM_INSPECTOR_WFW - PASS KSM_JTKSM_ADMIN - PASS JTKSM_OC_ALL - PASS JTKSM_ADMIN_EQUOTA - PASS JTKSM_INSPECTOR_FWe - PASS JTKSM_INSPECTOR - PASS KP_APPRVL_ENDORSE - PASS KSM_STATE_ADMIN - PASS KSM_STATE_USER - PASS PTADBIR_ID_JTKSM - PASS PTADBIR_PEG_ID_BPA - PASS KSM_JTK_HQ_ADMIN - PASS | M54: YHUVAN / LUQMAN
A55: TC.TR.IDM.053 | D55: Popup success message | F55: Verify content popup message once successfully registered | G55: 1. Open gov2v2 link 2. Click on Pendaftaran Baharu ID 3. Fill al the required details and observed | I55: Tajuk tukar kepada BM: Pendaftaran Berjaya BI: Registration Success --------------------------------------------------------- Ayat dalam die ubah BM Pendaftaran telah berjaya dihantar. Keputusan permohonan akan dimaklumkan melalui emel yang didaftarkan. Terima kasih. BI Registration has been successfully submitted. The result of your application will be sent to the registered email. Thank you. | J55: PASS | L55: KESUMA ADMIN - PASS PTADBIR_ID_PERKESO - PASS PERKESO_STATE_ADMIN - PASS PERKESO_STATE_USER - PASS PERKESO_ADMIN_USER - PASS PERKESO_HQ - PASS KSM MENTERI - PASS KSM_JTK_USER - PASS JTKSM_INSPECTOR_WFW - PASS KSM_JTKSM_ADMIN - PASS JTKSM_OC_ALL - PASS JTKSM_ADMIN_EQUOTA - PASS JTKSM_INSPECTOR_FWe - PASS JTKSM_INSPECTOR - PASS KP_APPRVL_ENDORSE - PASS KSM_STATE_ADMIN - PASS KSM_STATE_USER - PASS PTADBIR_ID_JTKSM - PASS PTADBIR_PEG_ID_BPA - PASS KSM_JTK_HQ_ADMIN - PASS | M55: YHUVAN / LUQMAN
A56: TC.TR.IDM.054 | F56: Verify content popup message once first time user successfully change password | G56: 1. Open gov2v2 link 2. Create user from Sokongan until Kelulusan 3. Login as the new user 4. Enter the new password required 5. Observe | I56: BM Kata laluan anda telah berjaya ditukar. Sila gunakan kata laluan baharu untuk log masuk. BI Your password has been successfully changed. Please use your new password to log in. | J56: PASS | L56: KESUMA ADMIN - PASS PTADBIR_ID_PERKESO - PASS PERKESO_STATE_ADMIN - PASS PERKESO_STATE_USER - PASS PERKESO_ADMIN_USER - PASS PERKESO_HQ - PASS KSM MENTERI - PASS KSM_JTK_USER - PASS JTKSM_INSPECTOR_WFW - PASS KSM_JTKSM_ADMIN - PASS JTKSM_OC_ALL - PASS JTKSM_ADMIN_EQUOTA - PASS JTKSM_INSPECTOR_FWe - PASS JTKSM_INSPECTOR - PASS KP_APPRVL_ENDORSE - PASS KSM_STATE_ADMIN - PASS KSM_STATE_USER - PASS PTADBIR_ID_JTKSM - PASS PTADBIR_PEG_ID_BPA - PASS KSM_JTK_HQ_ADMIN - PASS | M56: YHUVAN / LUQMAN
A57: TC.TR.IDM.055 | D57: Reset button | F57: Fill in form and reset. | I57: All fields should be cleared | J57: PASS | L57: KESUMA ADMIN - PASS PTADBIR_ID_PERKESO - PASS PERKESO_STATE_ADMIN - PASS PERKESO_STATE_USER - PASS PERKESO_ADMIN_USER - PASS PERKESO_HQ - PASS KSM MENTERI - PASS KSM_JTK_USER - PASS JTKSM_INSPECTOR_WFW - PASS KSM_JTKSM_ADMIN - PASS JTKSM_OC_ALL - PASS JTKSM_ADMIN_EQUOTA - PASS JTKSM_INSPECTOR_FWe - PASS JTKSM_INSPECTOR - PASS KP_APPRVL_ENDORSE - PASS KSM_STATE_ADMIN - PASS KSM_STATE_USER - PASS PTADBIR_ID_JTKSM - PASS PTADBIR_PEG_ID_BPA - PASS KSM_JTK_HQ_ADMIN - PASS | M57: YHUVAN / LUQMAN
A58: TC.TR.IDM.056 | D58: Enter Code | F58: Submit without enter code | I58: Display proper error message | J58: PASS | L58: KESUMA ADMIN - PASS PTADBIR_ID_PERKESO - PASS PERKESO_STATE_ADMIN - PASS PERKESO_STATE_USER - PASS PERKESO_ADMIN_USER - PASS PERKESO_HQ - PASS KSM MENTERI - PASS KSM_JTK_USER - PASS JTKSM_INSPECTOR_WFW - PASS KSM_JTKSM_ADMIN - PASS JTKSM_OC_ALL - PASS JTKSM_ADMIN_EQUOTA - PASS JTKSM_INSPECTOR_FWe - PASS JTKSM_INSPECTOR - PASS KP_APPRVL_ENDORSE - PASS KSM_STATE_ADMIN - PASS KSM_STATE_USER - PASS PTADBIR_ID_JTKSM - PASS PTADBIR_PEG_ID_BPA - PASS KSM_JTK_HQ_ADMIN - PASS | M58: YHUVAN / LUQMAN
A59: TC.TR.IDM.057 | F59: Enter with wrong Code | I59: Display proper error message | J59: PASS | L59: KESUMA ADMIN - PASS PTADBIR_ID_PERKESO - PASS PERKESO_STATE_ADMIN - PASS PERKESO_STATE_USER - PASS PERKESO_ADMIN_USER - PASS PERKESO_HQ - PASS KSM MENTERI - PASS KSM_JTK_USER - PASS JTKSM_INSPECTOR_WFW - PASS KSM_JTKSM_ADMIN - PASS JTKSM_OC_ALL - PASS JTKSM_ADMIN_EQUOTA - PASS JTKSM_INSPECTOR_FWe - PASS JTKSM_INSPECTOR - PASS KP_APPRVL_ENDORSE - PASS KSM_STATE_ADMIN - PASS KSM_STATE_USER - PASS PTADBIR_ID_JTKSM - PASS PTADBIR_PEG_ID_BPA - PASS KSM_JTK_HQ_ADMIN - PASS | M59: YHUVAN / LUQMAN
A60: TC.TR.IDM.058 | F60: Enter with correct code | I60: Able to continue submit application | J60: PASS | L60: KESUMA ADMIN - PASS PTADBIR_ID_PERKESO - PASS PERKESO_STATE_ADMIN - PASS PERKESO_STATE_USER - PASS PERKESO_ADMIN_USER - PASS PERKESO_HQ - PASS KSM MENTERI - PASS KSM_JTK_USER - PASS JTKSM_INSPECTOR_WFW - PASS KSM_JTKSM_ADMIN - PASS JTKSM_OC_ALL - PASS JTKSM_ADMIN_EQUOTA - PASS JTKSM_INSPECTOR_FWe - PASS JTKSM_INSPECTOR - PASS KP_APPRVL_ENDORSE - PASS KSM_STATE_ADMIN - PASS KSM_STATE_USER - PASS PTADBIR_ID_JTKSM - PASS PTADBIR_PEG_ID_BPA - PASS KSM_JTK_HQ_ADMIN - PASS | M60: YHUVAN / LUQMAN
A61: TC.TR.IDM.059 | D61: Pengesahan OTP | F61: Verify notification message | I61: Display proper notification in proper color standard and as per requirement design | J61: PASS | L61: KESUMA ADMIN - PASS PTADBIR_ID_PERKESO - PASS PERKESO_STATE_ADMIN - PASS PERKESO_STATE_USER - PASS PERKESO_ADMIN_USER - PASS PERKESO_HQ - PASS KSM MENTERI - PASS KSM_JTK_USER - PASS JTKSM_INSPECTOR_WFW - PASS KSM_JTKSM_ADMIN - PASS JTKSM_OC_ALL - PASS JTKSM_ADMIN_EQUOTA - PASS JTKSM_INSPECTOR_FWe - PASS JTKSM_INSPECTOR - PASS KP_APPRVL_ENDORSE - PASS KSM_STATE_ADMIN - PASS KSM_STATE_USER - PASS PTADBIR_ID_JTKSM - PASS PTADBIR_PEG_ID_BPA - PASS KSM_JTK_HQ_ADMIN - PASS | M61: YHUVAN / LUQMAN
A62: TC.TR.IDM.060 | F62: Able to click "Mohon OTP" | I62: Received OTP Email to registered email with Subject > "OTP" | J62: PASS | L62: KESUMA ADMIN - PASS PTADBIR_ID_PERKESO - PASS PERKESO_STATE_ADMIN - PASS PERKESO_STATE_USER - PASS PERKESO_ADMIN_USER - PASS PERKESO_HQ - PASS KSM MENTERI - PASS KSM_JTK_USER - PASS JTKSM_INSPECTOR_WFW - PASS KSM_JTKSM_ADMIN - PASS JTKSM_OC_ALL - PASS JTKSM_ADMIN_EQUOTA - PASS JTKSM_INSPECTOR_FWe - PASS JTKSM_INSPECTOR - PASS KP_APPRVL_ENDORSE - PASS KSM_STATE_ADMIN - PASS KSM_STATE_USER - PASS PTADBIR_ID_JTKSM - PASS PTADBIR_PEG_ID_BPA - PASS KSM_JTK_HQ_ADMIN - PASS | M62: YHUVAN / LUQMAN
A63: TC.TR.IDM.061 | F63: Check duration of OTP validation | J63: PASS | L63: KESUMA ADMIN - PASS PTADBIR_ID_PERKESO - PASS PERKESO_STATE_ADMIN - PASS PERKESO_STATE_USER - PASS PERKESO_ADMIN_USER - PASS PERKESO_HQ - PASS KSM MENTERI - PASS KSM_JTK_USER - PASS JTKSM_INSPECTOR_WFW - PASS KSM_JTKSM_ADMIN - PASS JTKSM_OC_ALL - PASS JTKSM_ADMIN_EQUOTA - PASS JTKSM_INSPECTOR_FWe - PASS JTKSM_INSPECTOR - PASS KP_APPRVL_ENDORSE - PASS KSM_STATE_ADMIN - PASS KSM_STATE_USER - PASS PTADBIR_ID_JTKSM - PASS PTADBIR_PEG_ID_BPA - PASS KSM_JTK_HQ_ADMIN - PASS | M63: YHUVAN / LUQMAN
A64: TC.TR.IDM.062 | F64: Enter OTP received from Email | I64: Display Success message as per requirement (Green) | J64: PASS | L64: KESUMA ADMIN - PASS PTADBIR_ID_PERKESO - PASS PERKESO_STATE_ADMIN - PASS PERKESO_STATE_USER - PASS PERKESO_ADMIN_USER - PASS PERKESO_HQ - PASS KSM MENTERI - PASS KSM_JTK_USER - PASS JTKSM_INSPECTOR_WFW - PASS KSM_JTKSM_ADMIN - PASS JTKSM_OC_ALL - PASS JTKSM_ADMIN_EQUOTA - PASS JTKSM_INSPECTOR_FWe - PASS JTKSM_INSPECTOR - PASS KP_APPRVL_ENDORSE - PASS KSM_STATE_ADMIN - PASS KSM_STATE_USER - PASS PTADBIR_ID_JTKSM - PASS PTADBIR_PEG_ID_BPA - PASS KSM_JTK_HQ_ADMIN - PASS | M64: YHUVAN / LUQMAN
A65: TC.TR.IDM.063 | D65: Check change content for email pengaktifan ID | F65: Verify change content for email pengaktifan ID | G65: 1.Create user from sokongan and until kelulusan 2. Observe in the email once kelulusan has been lulus. | I65: Subject: Pengaktifan Akaun Pengguna =====content======= Kepada <OSC OFFICER ADMIN>, Dimaklumkan bahawa akaun ID anda telah diwujudkan dalam sistem FWCMS. Berikut adalah maklumat ID anda: ID Pengguna : raimioscadmin@yopmail.com Kata Laluan Sementara : #&d9t65#357* Sila log masuk ke portal berikut : https://gov2.fwcms.my Setelah berjaya log masuk, anda dikehendaki menukar kata laluan sementara kepada kata laluan baharu bagi tujuan keselamatan. Terima Kasih PENTADBIR SISTEM | J65: PASS | M65: YHUVAN / LUQMAN
A66: Sokongan Permohonan ID | N66: =COUNTIF($J67:J81,"PASS") -> 15 | O66: =COUNTIF($J67:J81,"FAIL") -> 0 | P66: =COUNTBLANK(J67:J87) -> 0 | Q66: =COUNTIF($J67:J81,"IN PROGRESS") -> 0 | R66: =COUNTIF($J67:J81,"BLOCKED") -> 0
A67: TC.TR.IDM.064 | B67: #37058 #36980 #36981 #36985 #36986 #37000 #37001 #37002 #37005 | C67: User Story | D67: Menu Pengurusan Pengguna > Sokongan Permohonan ID | E67: User Related: 1. KESUMA Not required for role KESUMA ADMIN 2. PENTADBIR ID (JTKSM) a. Pentadbir ID (JTKSM) - ID Endorsement (Sokongan ID) will be done by KESUMA ADMIN - ID Approval (Kelulusan ID) will be done by KESUMA ADMIN b. Pentadbir ID dan Pegawai Bahagian Pekerja Asing - ID Endorsement (Sokongan ID) will be done by Pentadbir ID (JTKSM) - ID Approval (Kelulusan ID) will be done by Pentadbir ID (JTKSM) c. Pengarah Bahagian Pekerja Asing d. Pegawai Bahagian Pekerja Asing e. Pengarah Bahagian Standard Perburuhan f. Pegawai Bahagian Standard Perburuhan g. Pengarah JTK Negeri h. Person in Charge (PIC) Negeri i. Ketua Pejabat j. Pegawai Penyiasat FWE & WFW k. Pegawai Penyiasat FWE l. Pegawai Penyiasat WFW - ID Endorsement (Sokongan ID) will be done by Pentadbir ID dan Pegawai Bahagian Pekerja Asing - ID Approval (Kelulusan ID) will be done by Pentadbir ID (JTKSM) Pengurusan ID (Urus Pengguna) a. Pentadbir ID can view/update all role (2(c) - 2(l) - Pentadbir ID (JTKSM) - Pentadbir ID dan Pegawai Bahagian Pekerja Asing 3. PENTADBIR ID JTK SABAH & SARAWAK a. Pentadbir ID (JTK SABAH) - ID Endorsement (Sokongan ID) will be done by KESUMA ADMIN - ID Approval (Kelulusan ID) will be done by KESUMA ADMIN b. Person in Charge (PIC) JTK SABAH - ID Endorsement (Sokongan ID) will be done by Pentadbir ID (JTK SABAH)) - ID Approval (Kelulusan ID) will be done by Pentadbir ID (JTK SABAH)) c. Ketua Pejabat (JTK SABAH) d. Pegawai Penyiasat WFW (JTK SABAH) - ID Endorsement (Sokongan ID) will be done by Person in Charge (PIC) JTK SABAH - ID Approval (Kelulusan ID) will be done by Pentadbir ID (JTK SABAH) Pengurusan ID (Urus Pengguna) Pentadbir ID can view/update all role (3(c) - 3(d) - Pentadbir ID (JTK SABAH) - Person in Charge (PIC) JTK SABAH 4. WFW (UKK - KSM) - ID Endorsement (Sokongan ID) will be done by KESUMA ADMIN - ID Approval (Kelulusan ID) will be done by KESUMA ADMIN 5. KSM Menteri - ID Endorsement (Sokongan ID) will be done by KESUMA ADMIN - ID Approval (Kelulusan ID) will be done by KESUMA ADMIN 6. PENTADBIR ID PERKESO a. Pentadbir ID PERKESO - ID Endorsement (Sokongan ID) will be done by KESUMA ADMIN - ID Approval (Kelulusan ID) will be done by KESUMA ADMIN b. PERKESO - ADMIN c. PERKESO ADMIN USER d. PERKESO STATE ADMIN e. PERKESO STATE USER - ID Endorsement (Sokongan ID) will be done by Pentadbir ID PERKESO - ID Approval (Kelulusan ID) will be done by Pentadbir ID PERKESO | F67: Verify new Sub Menu = Sokongan Permohonan ID under Pengurusan Pengguna | I67: 1. KDN ADMIN can Endorsed & Approved Level 3 (Endorse & Approve must be different User) 2. OSC KDN ADMIN can Endorsed & Approved Level 4 (Endorse & Approve must be different User) 3. OSC OFFICER ADMIN can Endorsed Level 5 only 4. BPA ADMIN can endorsed and approved 5. JIM SECURITY ADMIN can Endorsed Level 5 only 6. BPA STATE can endorsed only | J67: PASS | K67: #37446 #37456 #37469 | L67: PTADBIR_ID_PERKESO - PASS PERKESO_STATE_ADMIN - PASS PERKESO_STATE_USER - PASS PERKESO_ADMIN_USER - PASS PERKESO_HQ - PASS KSM MENTERI - PASS KSM_JTK_USER - PASS JTKSM_INSPECTOR_WFW - PASS KSM_JTKSM_ADMIN - PASS JTKSM_OC_ALL - PASS JTKSM_ADMIN_EQUOTA - PASS JTKSM_INSPECTOR_FWe - PASS JTKSM_INSPECTOR - PASS KP_APPRVL_ENDORSE - PASS KSM_STATE_ADMIN - PASS KSM_STATE_USER - PASS PTADBIR_ID_JTKSM - PASS PTADBIR_PEG_ID_BPA - PASS KSM_JTK_HQ_ADMIN - PASS | M67: YHUVAN / LUQMAN
A68: TC.TR.IDM.065 | F68: Verify lower level can be Endorsed/Approved by 1 upper Level (Level 3) of other parent | I68: Not Allowed to Endorsed/Approved by other parent | J68: PASS | L68: PTADBIR_ID_PERKESO - PASS PERKESO_STATE_ADMIN - PASS PERKESO_STATE_USER - PASS PERKESO_ADMIN_USER - PASS PERKESO_HQ - PASS KSM MENTERI - PASS KSM_JTK_USER - PASS JTKSM_INSPECTOR_WFW - PASS KSM_JTKSM_ADMIN - PASS JTKSM_OC_ALL - PASS JTKSM_ADMIN_EQUOTA - PASS JTKSM_INSPECTOR_FWe - PASS JTKSM_INSPECTOR - PASS KP_APPRVL_ENDORSE - PASS KSM_STATE_ADMIN - PASS KSM_STATE_USER - PASS PTADBIR_ID_JTKSM - PASS PTADBIR_PEG_ID_BPA - PASS KSM_JTK_HQ_ADMIN - PASS | M68: YHUVAN / LUQMAN
A69: TC.TR.IDM.066 | F69: Verify to Endorsed & Approved by different User (who can Endorsed & Approved) | I69: Cannot Endorsed & Approved by SAME User | J69: PASS | L69: PTADBIR_ID_PERKESO - PASS PERKESO_STATE_ADMIN - PASS PERKESO_STATE_USER - PASS PERKESO_ADMIN_USER - PASS PERKESO_HQ - PASS KSM MENTERI - PASS KSM_JTK_USER - PASS JTKSM_INSPECTOR_WFW - PASS KSM_JTKSM_ADMIN - PASS JTKSM_OC_ALL - PASS JTKSM_ADMIN_EQUOTA - PASS JTKSM_INSPECTOR_FWe - PASS JTKSM_INSPECTOR - PASS KP_APPRVL_ENDORSE - PASS KSM_STATE_ADMIN - PASS KSM_STATE_USER - PASS PTADBIR_ID_JTKSM - PASS PTADBIR_PEG_ID_BPA - PASS KSM_JTK_HQ_ADMIN - PASS | M69: YHUVAN / LUQMAN
A70: TC.TR.IDM.067 | F70: Verify to Endorsed & Approved if having 1 user only (who can Endorsed & Approved) | I70: Must have at least 2 users as Endorser & Approver | J70: PASS | L70: PTADBIR_ID_PERKESO - PASS PERKESO_STATE_ADMIN - PASS PERKESO_STATE_USER - PASS PERKESO_ADMIN_USER - PASS PERKESO_HQ - PASS KSM MENTERI - PASS KSM_JTK_USER - PASS JTKSM_INSPECTOR_WFW - PASS KSM_JTKSM_ADMIN - PASS JTKSM_OC_ALL - PASS JTKSM_ADMIN_EQUOTA - PASS JTKSM_INSPECTOR_FWe - PASS JTKSM_INSPECTOR - PASS KP_APPRVL_ENDORSE - PASS KSM_STATE_ADMIN - PASS KSM_STATE_USER - PASS PTADBIR_ID_JTKSM - PASS PTADBIR_PEG_ID_BPA - PASS KSM_JTK_HQ_ADMIN - PASS | M70: YHUVAN / LUQMAN
A71: TC.TR.IDM.068 | D71: Sokongan Permohonan ID - Claim / Release Application | F71: Result List with Status - Menunggu Sokongan | I71: 1. Having Action option to: Tuntut Tugasan Kemaskini Lepaskan Tugasan 2. Able to function properly for all Actions 3. Once claimed, it will redirect to update page. | J71: PASS | L71: PTADBIR_ID_PERKESO - PASS PERKESO_STATE_ADMIN - PASS PERKESO_STATE_USER - PASS PERKESO_ADMIN_USER - PASS PERKESO_HQ - PASS KSM MENTERI - PASS KSM_JTK_USER - PASS JTKSM_INSPECTOR_WFW - PASS KSM_JTKSM_ADMIN - PASS JTKSM_OC_ALL - PASS JTKSM_ADMIN_EQUOTA - PASS JTKSM_INSPECTOR_FWe - PASS JTKSM_INSPECTOR - PASS KP_APPRVL_ENDORSE - PASS KSM_STATE_ADMIN - PASS KSM_STATE_USER - PASS PTADBIR_ID_JTKSM - PASS PTADBIR_PEG_ID_BPA - PASS KSM_JTK_HQ_ADMIN - PASS | M71: YHUVAN / LUQMAN
A72: TC.TR.IDM.069 | D72: Sokongan Permohonan ID - Only View Application | F72: Result List with Status - Selesai | I72: 1. Having Action option to: Papar Profil 2. Able to function properly for all Actions | J72: PASS | L72: PTADBIR_ID_PERKESO - PASS PERKESO_STATE_ADMIN - PASS PERKESO_STATE_USER - PASS PERKESO_ADMIN_USER - PASS PERKESO_HQ - PASS KSM MENTERI - PASS KSM_JTK_USER - PASS JTKSM_INSPECTOR_WFW - PASS KSM_JTKSM_ADMIN - PASS JTKSM_OC_ALL - PASS JTKSM_ADMIN_EQUOTA - PASS JTKSM_INSPECTOR_FWe - PASS JTKSM_INSPECTOR - PASS KP_APPRVL_ENDORSE - PASS KSM_STATE_ADMIN - PASS KSM_STATE_USER - PASS PTADBIR_ID_JTKSM - PASS PTADBIR_PEG_ID_BPA - PASS KSM_JTK_HQ_ADMIN - PASS | M72: YHUVAN / LUQMAN
A73: TC.TR.IDM.070 | D73: Senarai Sokongan Permohonan ID | F73: Check All Labels | I73: All labels as per requirement | J73: PASS | L73: PTADBIR_ID_PERKESO - PASS PERKESO_STATE_ADMIN - PASS PERKESO_STATE_USER - PASS PERKESO_ADMIN_USER - PASS PERKESO_HQ - PASS KSM MENTERI - PASS KSM_JTK_USER - PASS JTKSM_INSPECTOR_WFW - PASS KSM_JTKSM_ADMIN - PASS JTKSM_OC_ALL - PASS JTKSM_ADMIN_EQUOTA - PASS JTKSM_INSPECTOR_FWe - PASS JTKSM_INSPECTOR - PASS KP_APPRVL_ENDORSE - PASS KSM_STATE_ADMIN - PASS KSM_STATE_USER - PASS PTADBIR_ID_JTKSM - PASS PTADBIR_PEG_ID_BPA - PASS KSM_JTK_HQ_ADMIN - PASS | M73: YHUVAN / LUQMAN
A74: TC.TR.IDM.071 | F74: Check Single Search Criteria by: a. Fullname b. User Role Group c. Status | I74: Successfully search as per criteria selected | J74: PASS | L74: PTADBIR_ID_PERKESO - PASS PERKESO_STATE_ADMIN - PASS PERKESO_STATE_USER - PASS PERKESO_ADMIN_USER - PASS PERKESO_HQ - PASS KSM MENTERI - PASS KSM_JTK_USER - PASS JTKSM_INSPECTOR_WFW - PASS KSM_JTKSM_ADMIN - PASS JTKSM_OC_ALL - PASS JTKSM_ADMIN_EQUOTA - PASS JTKSM_INSPECTOR_FWe - PASS JTKSM_INSPECTOR - PASS KP_APPRVL_ENDORSE - PASS KSM_STATE_ADMIN - PASS KSM_STATE_USER - PASS PTADBIR_ID_JTKSM - PASS PTADBIR_PEG_ID_BPA - PASS KSM_JTK_HQ_ADMIN - PASS | M74: YHUVAN / LUQMAN
A75: TC.TR.IDM.072 | F75: Check Combination of Search Criteria by: a. Fullname b. User Role Group c. Status | I75: Successfully search as per criteria selected | J75: PASS | L75: PTADBIR_ID_PERKESO - PASS PERKESO_STATE_ADMIN - PASS PERKESO_STATE_USER - PASS PERKESO_ADMIN_USER - PASS PERKESO_HQ - PASS KSM MENTERI - PASS KSM_JTK_USER - PASS JTKSM_INSPECTOR_WFW - PASS KSM_JTKSM_ADMIN - PASS JTKSM_OC_ALL - PASS JTKSM_ADMIN_EQUOTA - PASS JTKSM_INSPECTOR_FWe - PASS JTKSM_INSPECTOR - PASS KP_APPRVL_ENDORSE - PASS KSM_STATE_ADMIN - PASS KSM_STATE_USER - PASS PTADBIR_ID_JTKSM - PASS PTADBIR_PEG_ID_BPA - PASS KSM_JTK_HQ_ADMIN - PASS | M75: YHUVAN / LUQMAN
A76: TC.TR.IDM.073 | F76: Reset | I76: All criteria and list reset | J76: PASS | L76: PTADBIR_ID_PERKESO - PASS PERKESO_STATE_ADMIN - PASS PERKESO_STATE_USER - PASS PERKESO_ADMIN_USER - PASS PERKESO_HQ - PASS KSM MENTERI - PASS KSM_JTK_USER - PASS JTKSM_INSPECTOR_WFW - PASS KSM_JTKSM_ADMIN - PASS JTKSM_OC_ALL - PASS JTKSM_ADMIN_EQUOTA - PASS JTKSM_INSPECTOR_FWe - PASS JTKSM_INSPECTOR - PASS KP_APPRVL_ENDORSE - PASS KSM_STATE_ADMIN - PASS KSM_STATE_USER - PASS PTADBIR_ID_JTKSM - PASS PTADBIR_PEG_ID_BPA - PASS KSM_JTK_HQ_ADMIN - PASS | M76: YHUVAN / LUQMAN
A77: TC.TR.IDM.074 | F77: Result List By Default | I77: All labels Fields should be auto-populated according to requirements: a. Nama b. Peranan Pengguna c. Negeri d. Cawangan e. Tarikh Dipohon f. Sokongan Oleh g. Kelulusan Oleh h. Status i. Tindakan (Menunggu Pengesahan / Selesai / Ditolak) | J77: PASS | L77: PTADBIR_ID_PERKESO - PASS PERKESO_STATE_ADMIN - PASS PERKESO_STATE_USER - PASS PERKESO_ADMIN_USER - PASS PERKESO_HQ - PASS KSM MENTERI - PASS KSM_JTK_USER - PASS JTKSM_INSPECTOR_WFW - PASS KSM_JTKSM_ADMIN - PASS JTKSM_OC_ALL - PASS JTKSM_ADMIN_EQUOTA - PASS JTKSM_INSPECTOR_FWe - PASS JTKSM_INSPECTOR - PASS KP_APPRVL_ENDORSE - PASS KSM_STATE_ADMIN - PASS KSM_STATE_USER - PASS PTADBIR_ID_JTKSM - PASS PTADBIR_PEG_ID_BPA - PASS KSM_JTK_HQ_ADMIN - PASS | M77: YHUVAN / LUQMAN
A78: TC.TR.IDM.075 | D78: Maklumat Sokongan Permohonan ID | F78: Verify pre-populated data | I78: Available data should auto populate by default based on data in DB | J78: PASS | L78: PTADBIR_ID_PERKESO - PASS PERKESO_STATE_ADMIN - PASS PERKESO_STATE_USER - PASS PERKESO_ADMIN_USER - PASS PERKESO_HQ - PASS KSM MENTERI - PASS KSM_JTK_USER - PASS JTKSM_INSPECTOR_WFW - PASS KSM_JTKSM_ADMIN - PASS JTKSM_OC_ALL - PASS JTKSM_ADMIN_EQUOTA - PASS JTKSM_INSPECTOR_FWe - PASS JTKSM_INSPECTOR - PASS KP_APPRVL_ENDORSE - PASS KSM_STATE_ADMIN - PASS KSM_STATE_USER - PASS PTADBIR_ID_JTKSM - PASS PTADBIR_PEG_ID_BPA - PASS KSM_JTK_HQ_ADMIN - PASS | M78: YHUVAN / LUQMAN
A79: TC.TR.IDM.076 | F79: Disable non-editable fields | I79: Fields that cannot be updated should be not editable | J79: PASS | L79: PTADBIR_ID_PERKESO - PASS PERKESO_STATE_ADMIN - PASS PERKESO_STATE_USER - PASS PERKESO_ADMIN_USER - PASS PERKESO_HQ - PASS KSM MENTERI - PASS KSM_JTK_USER - PASS JTKSM_INSPECTOR_WFW - PASS KSM_JTKSM_ADMIN - PASS JTKSM_OC_ALL - PASS JTKSM_ADMIN_EQUOTA - PASS JTKSM_INSPECTOR_FWe - PASS JTKSM_INSPECTOR - PASS KP_APPRVL_ENDORSE - PASS KSM_STATE_ADMIN - PASS KSM_STATE_USER - PASS PTADBIR_ID_JTKSM - PASS PTADBIR_PEG_ID_BPA - PASS KSM_JTK_HQ_ADMIN - PASS | M79: YHUVAN / LUQMAN
A80: TC.TR.IDM.077 | F80: Select radio button | I80: Radio button are shown based on the pre registration | J80: PASS | L80: PTADBIR_ID_PERKESO - PASS PERKESO_STATE_ADMIN - PASS PERKESO_STATE_USER - PASS PERKESO_ADMIN_USER - PASS PERKESO_HQ - PASS KSM MENTERI - PASS KSM_JTK_USER - PASS JTKSM_INSPECTOR_WFW - PASS KSM_JTKSM_ADMIN - PASS JTKSM_OC_ALL - PASS JTKSM_ADMIN_EQUOTA - PASS JTKSM_INSPECTOR_FWe - PASS JTKSM_INSPECTOR - PASS KP_APPRVL_ENDORSE - PASS KSM_STATE_ADMIN - PASS KSM_STATE_USER - PASS PTADBIR_ID_JTKSM - PASS PTADBIR_PEG_ID_BPA - PASS KSM_JTK_HQ_ADMIN - PASS | M80: YHUVAN / LUQMAN
A81: TC.TR.IDM.078 | F81: Change selection Jawatan | I81: User cannot be able to freely change between selection | J81: PASS | L81: PTADBIR_ID_PERKESO - PASS PERKESO_STATE_ADMIN - PASS PERKESO_STATE_USER - PASS PERKESO_ADMIN_USER - PASS PERKESO_HQ - PASS KSM MENTERI - PASS KSM_JTK_USER - PASS JTKSM_INSPECTOR_WFW - PASS KSM_JTKSM_ADMIN - PASS JTKSM_OC_ALL - PASS JTKSM_ADMIN_EQUOTA - PASS JTKSM_INSPECTOR_FWe - PASS JTKSM_INSPECTOR - PASS KP_APPRVL_ENDORSE - PASS KSM_STATE_ADMIN - PASS KSM_STATE_USER - PASS PTADBIR_ID_JTKSM - PASS PTADBIR_PEG_ID_BPA - PASS KSM_JTK_HQ_ADMIN - PASS | M81: YHUVAN / LUQMAN
A82: TC.TR.IDM.079 | F82: Option = Sokong (Bahagian Sokongan) | I82: In Sokongan Permohonan ID Message to display if Sokong "Sokongan Permohonan ID telah berjaya Disokong." | J82: PASS | L82: PTADBIR_ID_PERKESO - PASS PERKESO_STATE_ADMIN - PASS PERKESO_STATE_USER - PASS PERKESO_ADMIN_USER - PASS PERKESO_HQ - PASS KSM MENTERI - PASS KSM_JTK_USER - PASS JTKSM_INSPECTOR_WFW - PASS KSM_JTKSM_ADMIN - PASS JTKSM_OC_ALL - PASS JTKSM_ADMIN_EQUOTA - PASS JTKSM_INSPECTOR_FWe - PASS JTKSM_INSPECTOR - PASS KP_APPRVL_ENDORSE - PASS KSM_STATE_ADMIN - PASS KSM_STATE_USER - PASS PTADBIR_ID_JTKSM - PASS PTADBIR_PEG_ID_BPA - PASS KSM_JTK_HQ_ADMIN - PASS | M82: YHUVAN / LUQMAN
A83: TC.TR.IDM.080 | F83: Option = Tolak (Bahagian Sokongan) | I83: Message to display if Tolak "Sokongan Permohonan ID telah Ditolak" | J83: PASS | L83: PTADBIR_ID_PERKESO - PASS PERKESO_STATE_ADMIN - PASS PERKESO_STATE_USER - PASS PERKESO_ADMIN_USER - PASS PERKESO_HQ - PASS KSM MENTERI - PASS KSM_JTK_USER - PASS JTKSM_INSPECTOR_WFW - PASS KSM_JTKSM_ADMIN - PASS JTKSM_OC_ALL - PASS JTKSM_ADMIN_EQUOTA - PASS JTKSM_INSPECTOR_FWe - PASS JTKSM_INSPECTOR - PASS KP_APPRVL_ENDORSE - PASS KSM_STATE_ADMIN - PASS KSM_STATE_USER - PASS PTADBIR_ID_JTKSM - PASS PTADBIR_PEG_ID_BPA - PASS KSM_JTK_HQ_ADMIN - PASS | M83: YHUVAN / LUQMAN
A84: TC.TR.IDM.081 | F84: Viewback after click Hantar | I84: Latest updated data displayed correctly when viewback & disable | J84: PASS | L84: PTADBIR_ID_PERKESO - PASS PERKESO_STATE_ADMIN - PASS PERKESO_STATE_USER - PASS PERKESO_ADMIN_USER - PASS PERKESO_HQ - PASS KSM MENTERI - PASS KSM_JTK_USER - PASS JTKSM_INSPECTOR_WFW - PASS KSM_JTKSM_ADMIN - PASS JTKSM_OC_ALL - PASS JTKSM_ADMIN_EQUOTA - PASS JTKSM_INSPECTOR_FWe - PASS JTKSM_INSPECTOR - PASS KP_APPRVL_ENDORSE - PASS KSM_STATE_ADMIN - PASS KSM_STATE_USER - PASS PTADBIR_ID_JTKSM - PASS PTADBIR_PEG_ID_BPA - PASS KSM_JTK_HQ_ADMIN - PASS | M84: YHUVAN / LUQMAN
A85: TC.TR.IDM.082 | D85: Check Label status | F85: Verify label status has been changed inside lihat profil / kemaskini | G85: 1. Create user which need to be sokong 2. Login as the Penyokong user 3. Lihat profil to the newly created user | I85: 1. status DISOKONG has been changed to SOKONG 2. status SOKONGAN DITOLAK has been changed to TOLAK | J85: PASS | L85: PTADBIR_ID_PERKESO - PASS PERKESO_STATE_ADMIN - PASS PERKESO_STATE_USER - PASS PERKESO_ADMIN_USER - PASS PERKESO_HQ - PASS KSM MENTERI - PASS KSM_JTK_USER - PASS JTKSM_INSPECTOR_WFW - PASS KSM_JTKSM_ADMIN - PASS JTKSM_OC_ALL - PASS JTKSM_ADMIN_EQUOTA - PASS JTKSM_INSPECTOR_FWe - PASS JTKSM_INSPECTOR - PASS KP_APPRVL_ENDORSE - PASS KSM_STATE_ADMIN - PASS KSM_STATE_USER - PASS PTADBIR_ID_JTKSM - PASS PTADBIR_PEG_ID_BPA - PASS KSM_JTK_HQ_ADMIN - PASS | M85: YHUVAN / LUQMAN
